-- MariaDB dump 10.19  Distrib 10.4.32-MariaDB, for Win64 (AMD64)
--
-- Host: 127.0.0.1    Database: klub-der-tollen-tiere
-- ------------------------------------------------------
-- Server version	10.4.32-MariaDB

/*!40101 SET @OLD_CHARACTER_SET_CLIENT=@@CHARACTER_SET_CLIENT */;
/*!40101 SET @OLD_CHARACTER_SET_RESULTS=@@CHARACTER_SET_RESULTS */;
/*!40101 SET @OLD_COLLATION_CONNECTION=@@COLLATION_CONNECTION */;
/*!40101 SET NAMES utf8mb4 */;
/*!40103 SET @OLD_TIME_ZONE=@@TIME_ZONE */;
/*!40103 SET TIME_ZONE='+00:00' */;
/*!40014 SET @OLD_UNIQUE_CHECKS=@@UNIQUE_CHECKS, UNIQUE_CHECKS=0 */;
/*!40014 SET @OLD_FOREIGN_KEY_CHECKS=@@FOREIGN_KEY_CHECKS, FOREIGN_KEY_CHECKS=0 */;
/*!40101 SET @OLD_SQL_MODE=@@SQL_MODE, SQL_MODE='NO_AUTO_VALUE_ON_ZERO' */;
/*!40111 SET @OLD_SQL_NOTES=@@SQL_NOTES, SQL_NOTES=0 */;

--
-- Table structure for table `akademie`
--

/*!40101 SET @saved_cs_client     = @@character_set_client */;
/*!40101 SET character_set_client = utf8 */;
CREATE TABLE `akademie` (
  `id` int(11) NOT NULL,
  `level` varchar(50) NOT NULL,
  `levelEn` varchar(50) DEFAULT NULL,
  UNIQUE KEY `akademieindex` (`id`)
);
/*!40101 SET character_set_client = @saved_cs_client */;

--
-- Dumping data for table `akademie`
--

LOCK TABLES `akademie` WRITE;
/*!40000 ALTER TABLE `akademie` DISABLE KEYS */;
INSERT INTO `akademie` VALUES (1,'keine','none'),(2,'Bronze','Bronze'),(3,'Silber','Silver'),(4,'Gold','Gold'),(5,'Platin','Platinum');
/*!40000 ALTER TABLE `akademie` ENABLE KEYS */;
UNLOCK TABLES;

--
-- Table structure for table `farbvarianten`
--

/*!40101 SET @saved_cs_client     = @@character_set_client */;
/*!40101 SET character_set_client = utf8 */;
CREATE TABLE `farbvarianten` (
  `id` int(11) NOT NULL,
  `tierId` int(11) NOT NULL,
  `farbe` varchar(20) NOT NULL,
  `herkunftId` int(11) NOT NULL,
  `release` varchar(20) DEFAULT NULL,
  `bild` varchar(255) DEFAULT NULL,
  UNIQUE KEY `farbvariantenindex` (`id`)
);
/*!40101 SET character_set_client = @saved_cs_client */;

--
-- Dumping data for table `farbvarianten`
--

LOCK TABLES `farbvarianten` WRITE;
/*!40000 ALTER TABLE `farbvarianten` DISABLE KEYS */;
INSERT INTO `farbvarianten` VALUES (1,101,'schwarz',1,'17.06.2024','achal-tekkiner-schwarz.jpg'),(2,101,'weiß',1,'17.06.2024','achal-tekkiner-weiss.jpg'),(3,502,'leuzistisch',2,'11.01.2024','afrikanischer-elefant-leuzistisch.jpg'),(4,505,'braun',8,'01.05.2022','afrikanischer-wildhund-braun.jpg'),(5,505,'schwarz',3,'15.12.2020','afrikanischer-wildhund-schwarz.jpg'),(6,505,'weiß',2,'31.03.2020','afrikanischer-wildhund-weiss.jpg'),(7,402,'gefleckt',2,'24.03.2020','alpaka-gefleckt.jpg'),(8,402,'schwarz',3,'15.12.2020','alpaka-schwarz.jpg'),(9,402,'weiß',4,'08.05.2024','alpaka-weiss.jpg'),(10,302,'schwarz',3,'16.04.2024','australische-fledermaus-schwarz.jpg'),(11,2101,'weiß',2,'05.04.2023','axolot-weiss.jpg'),(12,408,'rot',2,'23.01.2023','bartgeier-rot.jpg'),(13,603,'weiß',2,'28.04.2020','berggorilla-weiss.jpg'),(14,806,'weiß',2,'11.01.2024','buckelwal-weiss.jpg'),(15,206,'schwarz',2,'11.07.2024','capybara-schwarz.jpg'),(16,2201,'schwarz',3,'02.05.2023','clownfisch-schwarz.jpg'),(17,105,'gefleckt',3,'23.03.2021','damhirsch-gefleckt.jpg'),(18,105,'schwarz',3,'24.03.2021','damhirsch-schwarz.jpg'),(19,105,'weiß',3,'25.03.2021','damhirsch-weiss.jpg'),(20,2103,'gelb',3,'28.02.20223','diskusfisch-gelb.jpg'),(21,2202,'weiß',3,'16.04.2024','dumbo-oktopus-weiss.jpg'),(22,308,'weiß',2,'16.10.2019','elch-weiss.jpg'),(23,208,'leuzistisch',2,'05.09.2024','emu-leuzistisch.jpg'),(24,309,'hell',3,'13.08.2024','europaeische-wildkatze-hell.jpg'),(25,210,'humbold',8,'04.04.2023','ferkelskunk-humbold.jpg'),(26,1103,'rot',3,'04.06.2024','feuersalamander-rot.jpg'),(27,211,'schwarz',5,'24.02.2021','flamingo-schwarz.jpg'),(28,211,'weiß',2,'10.08.2023','flamingo-weiss.jpg'),(29,512,'rosa',2,'07.04.2020','flusspferd-rosa.jpg'),(30,314,'weiß',2,'16.07.2020','gelbhauben-kakadu-weiss.jpg'),(31,413,'weiß',2,'08.03.2023','gewoehnliches-stachelschwein-weiss.jpg'),(32,315,'braun',2,'27.12.2023','gingsterkatze-braun.jpg'),(33,1105,'braun',3,'03.10.2023','goldbaumsteiger-braun.jpg'),(34,2104,'weiß',3,'28.02.2023','goldfisch-weiss.jpg'),(35,316,'schwarz',5,'20.07.2022','goodfellow-baumkaenguru-schwarz.jpg'),(36,107,'braun',2,'16.04.2018','grosser-panda-braun.jpg'),(37,108,'gefleckt',5,'24.02.2021','hase-gefleckt.jpg'),(38,108,'rosa',4,'11.02.2021','hase-rosa.jpg'),(39,108,'schwarz-weiß',2,'16.10.2019','hase-schwarz-weiss.jpg'),(40,108,'tiger',2,'16.10.2019','hase-tiger.jpg'),(41,108,'weiß',4,'04.05.2021','hase-weiss.jpg'),(42,109,'braun',6,'03.09.2019','hausschwein-braun.jpg'),(43,110,'weiß',6,'26.03.2019','hausziege-weiss.jpg'),(44,416,'weiß',2,'13.12.2020','hermelin-weiss.jpg'),(45,319,'schwarz',3,'12.12.2023','huebschgesichtswallaby-schwarz.jpg'),(46,112,'rot',5,'20.07.2022','jaguaruni-rot.jpg'),(47,2108,'Halfmoon Butterfly',3,'13.08.2024','kampffisch-halfmoon-butterfly.jpg'),(48,321,'gefleckt',2,'22.03.2022','kiwi-gefleckt.jpg'),(49,619,'schwarz',3,'02.05.2023','kleideraffe-schwarz.jpg'),(50,322,'braun',6,'02.07.2019','koala-braun.jpg'),(51,418,'blond',2,'16.10.2019','kodiakbaer-blond.jpg'),(52,418,'schwarz',4,'19.06.2024','kodiakbaer-schwarz.jpg'),(53,622,'weiß',2,'04.07.2020','koenigstiger-weiss.jpg'),(54,2206,'gepunktet',3,'28.02.2023','kompassqualle-gepunktet.jpg'),(55,323,'braun',2,'24.05.2023','kusu-braun.jpg'),(56,323,'gelb',3,'05.09.2022','kusu-gelb.jpg'),(57,625,'gold',7,'14.04.2020','loewenaeffchen-gold.jpg'),(58,520,'weiß',2,'23.06.2020','loewe-weiss.jpg'),(59,819,'weiß',2,'11.01.2022','mandarinente-weiss.jpg'),(60,2207,'braun',3,'16.04.2024','mandarinfisch-braun.jpg'),(61,627,'weiß',2,'10.08.2023','mandrill-weiss.jpg'),(62,712,'gold',5,'20.07.2022','moschustier-gold.jpg'),(63,119,'weißrüssel',2,'10.06.2020','nasenbaer-weißruessel.jpg'),(64,521,'schwarz',5,'24.02.2021','netzgiraffe-schwarz.jpg'),(65,634,'weiß',2,'25.02.2020','nilkrokodil-weiss.jpg'),(66,223,'arabisch',5,'20.07.2022','oryxantilope-arabisch.jpg'),(67,223,'beige',8,'10.08.2023','oryxantilope-beige.jpg'),(68,2209,'Zyan',3,'18.07.2023','paletten-doktorfisch-zyan.jpg'),(69,638,'Jaguar',2,'06.05.2020','panter-jaguar.jpg'),(70,224,'gefleckt',2,'16.10.2019','pfau-gefleckt.jpg'),(71,224,'weiß',2,'11.01.2024','pfau-weiss.jpg'),(72,124,'Apfelschimmel',6,'26.03.2019','pferd-apfelschimmel.jpg'),(73,124,'Pinto',4,'29.03.2023','pferd-pinto.jpg'),(74,713,'braun',2,'15.09.2020','polarfuchs-braun.jpg'),(75,713,'schwarz',3,'15.12.2020','polarfuchs-schwarz.jpg'),(76,714,'schwarz',2,'11.01.2024','polarwolf-schwarz.jpg'),(77,226,'gepfleckt',4,'06.12.2023','rentier-gefleckt.jpg'),(78,226,'weiß',2,'18.11.2019','rentier-weiss.jpg'),(79,641,'weiß',5,'07.09.2022','riesentukan-weiss.jpg'),(80,127,'schwarz',8,'07.09.2023','rohrkatze-schwarz.jpg'),(81,2106,'blau-orange',3,'01.10.2024','roter-piranha-blau-orange.jpg'),(82,330,'schwarweiß',2,'11.04.2024','roter-vari-schwarzweiss.jpg'),(83,229,'weiß',5,'24.02.2021','rotes-riesenkaenguru-weiss.jpg'),(84,331,'gepfleckt',3,'15.12.2020','rotfuchs-gepfleckt.jpg'),(85,331,'silber',2,'16.10.2019','rotfuchs-silber.jpg'),(86,830,'Manati',2,'18.05.2022','rundschwanzseekuh-manati.jpg'),(87,128,'braun',6,'26.03.2019','schaf-braun.jpg'),(88,128,'gescheckt',4,'10.05.2023','schaf-gecheckt.jpg'),(89,2107,'blau',3,'30.01.2024','schmetterlingsbundbarsch-blau.jpg'),(90,2107,'rot',3,'30.01.2024','schmetterlingsbundbarsch-rot.jpg'),(91,717,'braun',4,'20.03.2024','schneehase-braun.jpg'),(92,132,'schwarz',2,'17.11.2020','schwan-schwarz.jpg'),(93,2210,'gelb',3,'03.10.2023','seepferdchen-gelb.jpg'),(94,2210,'grün',3,'12.12.2023','seepferdchen-gruen.jpg'),(95,2210,'rot',3,'12.12.2023','seepferdchen-rot.jpg'),(96,2210,'schwarz',3,'03.10.2023','seepferdchen-schwarz.jpg'),(97,1117,'braun',2,'14.06.2023','sonnendachs-braun.jpg'),(98,1117,'hellbraun',3,'02.05.2023','sonnendachs-hellbraun.jpg'),(99,1208,'hell ',2,'14.06.2023','steppenwaran-hell.jpg'),(100,237,'schwarz',3,'15.12.2020','steppenzebra-schwarz.jpg'),(101,237,'weiß',2,'16.10.2019','steppenzebra-weiss.jpg'),(102,320,'grün',2,'28.11.2023','sternschildkroete-gruen.jpg'),(103,136,'weiß',3,'25.02.2022','tapir-weiss.jpg'),(104,650,'gepflegt',3,'23.03.2021','tuepfelkuskus-gepfleckt.jpg'),(105,650,'schwarz',3,'23.03.2021','tuepfelkuskus-schwarz.jpg'),(106,650,'weiß',3,'23.03.2021','tuepfelkuskus-weiss.jpg'),(107,651,'schwarz',2,'20.05.2020','weisshand-gibbon-schwarz.jpg'),(108,430,'weiß',4,'10.05.2023','weisskopfseeadler-weiss.jpg'),(109,340,'weiß',2,'10.08.2023','wildschwein-weiss.jpg'),(110,725,'rot',2,'15.11.2023','zobel-rot.jpg'),(111,725,'weiß',3,'18.07.2023','zobel-weiss.jpg'),(112,1119,'weiß',3,'30.01.2024','zwergameisenbaer-weiss.jpg');
/*!40000 ALTER TABLE `farbvarianten` ENABLE KEYS */;
UNLOCK TABLES;

--
-- Table structure for table `gehege`
--

/*!40101 SET @saved_cs_client     = @@character_set_client */;
/*!40101 SET character_set_client = utf8 */;
CREATE TABLE `gehege` (
  `id` int(11) NOT NULL,
  `name` varchar(50) NOT NULL,
  `nameEn` varchar(50) NOT NULL,
  `namegehege` varchar(50) NOT NULL,
  `namegehegeEn` varchar(50) NOT NULL,
  `pfad` varchar(50) NOT NULL,
  `preis` int(11) DEFAULT NULL,
  `preisartId` int(11) DEFAULT NULL,
  `kostenvergroesserung` int(11) DEFAULT NULL,
  `preisartvergroesserungId` int(11) DEFAULT NULL,
  `platzbedarf` int(11) DEFAULT NULL,
  `hintergrundfarbe` varchar(10) NOT NULL,
  `schriftfarbe` varchar(10) NOT NULL,
  `bild` varchar(255) DEFAULT NULL,
  UNIQUE KEY `gehegeindex` (`id`)
);
/*!40101 SET character_set_client = @saved_cs_client */;

--
-- Dumping data for table `gehege`
--

LOCK TABLES `gehege` WRITE;
/*!40000 ALTER TABLE `gehege` DISABLE KEYS */;
INSERT INTO `gehege` VALUES (100,'Gras','Grasland','Grasgehege','Grasland','gras',500,1,500,1,144,'#73bc21','#47610d','gras.webp'),(200,'Steppe','Plains','Steppengehege','Plains','steppe',1000,1,1000,1,144,'#c19535','#924722','steppe.webp'),(300,'Wald','Forest','Waldgehege','Forest','wald',2000,1,2000,1,144,'#4d781d','#224c0b','wald.webp'),(400,'Berg','Mountain','Berggehege','Mountain','berg',4000,1,4000,1,144,'#82a9ba','#39525e','berg.webp'),(500,'Savanne','Savanna','Savannengehege','Savanna','savanne',8000,1,8000,1,144,'#f3c443','#c66f12','savanne.webp'),(600,'Dschungel','Jungle','Dschungelgehege','Jungle','dschungel',16000,1,16000,1,144,'#43c385','#4c7c07','dschungel.webp'),(700,'Eis','Ice','Eisgehege','Ice','eis',32000,1,32000,1,144,'#8ed1fc','#066eb8','eis.webp'),(800,'Wasser','Water','Wassergehege','Water','wasser',64000,1,64000,1,144,'#6e96eb','#4634c1','wasser.webp'),(1100,'Blattdickicht','Leafy Thicket','Blattdickichtgehege','Leafy Thicket','blattdickicht',20000,1,20000,1,144,'#25371a','#779d59','blattdickicht.jpg'),(1200,'Felsenwüste','Rocky Desert','Felsenwüstengehege','Rocky Desert','felsenwueste',30000,1,30000,1,144,'#785304','#dcbc5d','felsenwueste.jpg'),(2100,'Süsswasser','Freshwater','Süsswasseraquarium','Freshwater','suesswasser',80000,1,80000,1,144,'#8ad0c0','#167164','suesswasser.jpg'),(2200,'Salzwasser','Saltwatter','Salzwasseraqariun','Saltwatter','salzwasser',90000,1,90000,1,144,'#6441d1','#ed65db','salzwasser.jpg'),(3100,'Noctarium','Nocturnal','Noctariumgehege','Nocturnal','noctarium',150000,1,150000,1,144,'#261729','#60feff','noctarium.jpg'),(4001,'test','ohoh','ohoh','','oho',5,1,0,1,34,'green','black','jpjp'),(4003,'test2','iuoi','ouioiu','','uioiu',8,1,9,1,7,'hbigh','zguz',''),(4004,'pükk','kpükpük','','','',7,1,7,NULL,0,'','','');
/*!40000 ALTER TABLE `gehege` ENABLE KEYS */;
UNLOCK TABLES;

--
-- Table structure for table `gehegedeko`
--

/*!40101 SET @saved_cs_client     = @@character_set_client */;
/*!40101 SET character_set_client = utf8 */;
CREATE TABLE `gehegedeko` (
  `id` int(11) NOT NULL,
  `name` varchar(255) NOT NULL,
  `name-en` varchar(255) DEFAULT NULL,
  `gehege` int(11) NOT NULL,
  `preis` int(11) DEFAULT NULL,
  `preisart` int(11) DEFAULT NULL,
  `popularitaet` int(11) DEFAULT NULL,
  `platzbedarf` int(11) DEFAULT NULL,
  `bild` varchar(255) DEFAULT NULL,
  UNIQUE KEY `gehegedekoindex` (`id`)
);
/*!40101 SET character_set_client = @saved_cs_client */;

--
-- Dumping data for table `gehegedeko`
--

LOCK TABLES `gehegedeko` WRITE;
/*!40000 ALTER TABLE `gehegedeko` DISABLE KEYS */;
/*!40000 ALTER TABLE `gehegedeko` ENABLE KEYS */;
UNLOCK TABLES;

--
-- Table structure for table `gehegespielgeraet`
--

/*!40101 SET @saved_cs_client     = @@character_set_client */;
/*!40101 SET character_set_client = utf8 */;
CREATE TABLE `gehegespielgeraet` (
  `id` int(11) NOT NULL,
  `name` varchar(255) NOT NULL,
  `nameEn` varchar(255) DEFAULT NULL,
  `gehegeId` int(11) NOT NULL,
  `preis` int(11) DEFAULT NULL,
  `preisartId` int(11) DEFAULT NULL,
  `reparatur` int(11) DEFAULT NULL,
  `reparaturpreisartId` int(11) DEFAULT NULL,
  `bild` varchar(255) DEFAULT NULL,
  UNIQUE KEY `gehegespielgeraetindex` (`id`)
);
/*!40101 SET character_set_client = @saved_cs_client */;

--
-- Dumping data for table `gehegespielgeraet`
--

LOCK TABLES `gehegespielgeraet` WRITE;
/*!40000 ALTER TABLE `gehegespielgeraet` DISABLE KEYS */;
INSERT INTO `gehegespielgeraet` VALUES (101,'Spielgrube','Play mudhole',100,2000,1,100,1,'gras-spielgrube.jpeg'),(102,'Spielteich','Play pond',100,5,2,100,1,'gras-spielteich.jpeg'),(103,'Spielstamm','Play trunk',100,2000,1,100,1,'gras-spielstamm.jpeg'),(104,'Spielbaum','Play tree',100,2000,1,100,1,'gras-spielbaum.jpeg'),(105,'Spielbalken','Play hurdle',100,2000,1,100,1,'gras-spielbalken.jpeg'),(201,'Spielpfahl','Play totem',200,4000,1,350,1,'steppe-spielpfahl.jpeg'),(202,'Speilhügel','Play hill',200,12,2,350,1,'steppe-spielhuegel.jpeg'),(301,'Spielseile','Play rope',300,8000,1,200,1,'wald-spielseil.jpg'),(302,'Spielfelsen','Play rocks',300,8000,1,200,1,'wald-spielfelsen.jpeg'),(303,'Spielbaum','Play tree',300,20,2,200,1,'wald-spielbaum.jpeg'),(401,'Spielbaum','Play Tree',400,32,2,500,1,'berg-spielbaum.jpeg'),(402,'Spielfelsen','Play rocks',400,12000,1,500,1,'berg-spielfelsen.jpeg'),(501,'Spielfelsen','Play plateau',500,16000,1,750,1,'savanne-spielfelsen.jpg'),(502,'Spielbaum','Play tree',500,16000,1,750,1,'savanne-spielbaum.jpeg'),(503,'Spielgrube','Play mudhole',500,45,2,750,1,'savanne-spielgrube.jpeg'),(504,'Spielteich','Play pond',500,50,2,750,1,'savanne-spielteich.jpeg'),(601,'Spielschaukel','Play swing',600,50,2,1000,1,'dschungel-spielschaukel.jpeg'),(602,'Spielstämme','Play structure',600,50,2,1000,1,'dschungel-spielstaemme.jpeg'),(603,'Spielstein','Play island',600,50,2,1000,1,'dschungel-spielstein.jpeg'),(701,'Eisrutsche','Ice slide',700,55,2,1250,1,'eis-eisrutsche.jpeg'),(702,'Spielfelsen','Play rocks',700,60,2,1250,1,'eis-spielfelsen.jpeg'),(703,'Spielseile','Play ropes',700,58,2,1250,1,'eis-spielseile.jpeg'),(801,'Spielinsel','Play island',800,58,2,1500,1,'wasser-spielinsel.jpeg'),(802,'Spielbogen','Play arch',800,22000,1,1500,1,'wasser-spielboden.jpeg'),(1101,'Spielrad','Play wheel',1100,50,2,1150,1,'blattdickicht-spielrad.jpeg'),(1102,'Spielgebüsch','Play leaf pile',1100,15000,1,1150,1,'balttdickicht-spielgebuesch.jpeg'),(1201,'Spielwippe','Play see-saw',1200,55,2,1350,1,'felsenwueste-spielwippe.jpeg'),(1202,'Spielfelsen','Play rocks',1200,55,2,1350,1,'felsenwueste-spielfelsen.jpeg'),(2101,'Spielwrack','Play wreck',2100,60,2,1150,1,'suesswasser-spielwrack.jpeg'),(2102,'Spielpflanze','Play plant',2100,35000,1,1150,1,'suesswasser-spielpflanze.jpeg'),(2201,'Spielbogen','Play arch',2100,65,2,1350,1,'salzwasser-spielbogen.jpeg'),(2202,'Spielsteuerrad','Ships play wheel',2200,65,2,1350,1,'salzwasser- spielsteuerrad.jpeg'),(3101,'Spielzeug','Toy',3100,60,2,1350,1,'noctarium-spielzeug.jpeg');
/*!40000 ALTER TABLE `gehegespielgeraet` ENABLE KEYS */;
UNLOCK TABLES;

--
-- Table structure for table `gehegestall`
--

/*!40101 SET @saved_cs_client     = @@character_set_client */;
/*!40101 SET character_set_client = utf8 */;
CREATE TABLE `gehegestall` (
  `id` int(11) NOT NULL,
  `gehege` int(11) NOT NULL,
  `preis` int(11) DEFAULT NULL,
  `preisart` int(11) DEFAULT NULL,
  `level1` int(11) DEFAULT NULL,
  `preisartlevel1` int(11) DEFAULT NULL,
  `updatezeit1` int(11) DEFAULT NULL,
  `level2` int(11) DEFAULT NULL,
  `preisartlevel2` int(11) DEFAULT NULL,
  `updatezeit2` int(11) DEFAULT NULL,
  `level3` int(11) DEFAULT NULL,
  `preisartlevel3` int(11) DEFAULT NULL,
  `updatezeit3` int(11) DEFAULT NULL,
  `bild` varchar(255) DEFAULT NULL,
  UNIQUE KEY `gehegestallindex` (`id`)
);
/*!40101 SET character_set_client = @saved_cs_client */;

--
-- Dumping data for table `gehegestall`
--

LOCK TABLES `gehegestall` WRITE;
/*!40000 ALTER TABLE `gehegestall` DISABLE KEYS */;
/*!40000 ALTER TABLE `gehegestall` ENABLE KEYS */;
UNLOCK TABLES;

--
-- Table structure for table `gehegetrog`
--

/*!40101 SET @saved_cs_client     = @@character_set_client */;
/*!40101 SET character_set_client = utf8 */;
CREATE TABLE `gehegetrog` (
  `id` int(11) NOT NULL,
  `gehege` int(11) NOT NULL,
  `preis` int(11) DEFAULT NULL,
  `preisart` int(11) DEFAULT NULL,
  `bild` varchar(255) DEFAULT NULL,
  UNIQUE KEY `gehegeTrogindex` (`id`)
);
/*!40101 SET character_set_client = @saved_cs_client */;

--
-- Dumping data for table `gehegetrog`
--

LOCK TABLES `gehegetrog` WRITE;
/*!40000 ALTER TABLE `gehegetrog` DISABLE KEYS */;
/*!40000 ALTER TABLE `gehegetrog` ENABLE KEYS */;
UNLOCK TABLES;

--
-- Table structure for table `gehegewasserstelle`
--

/*!40101 SET @saved_cs_client     = @@character_set_client */;
/*!40101 SET character_set_client = utf8 */;
CREATE TABLE `gehegewasserstelle` (
  `id` int(11) NOT NULL,
  `gehege` int(11) NOT NULL,
  `preis` int(11) DEFAULT NULL,
  `preisart` int(11) DEFAULT NULL,
  `reparatur` int(11) DEFAULT NULL,
  `reparaturpreisart` int(11) DEFAULT NULL,
  `bild` varchar(255) DEFAULT NULL,
  UNIQUE KEY `gehegewasserstelleindex` (`id`)
);
/*!40101 SET character_set_client = @saved_cs_client */;

--
-- Dumping data for table `gehegewasserstelle`
--

LOCK TABLES `gehegewasserstelle` WRITE;
/*!40000 ALTER TABLE `gehegewasserstelle` DISABLE KEYS */;
/*!40000 ALTER TABLE `gehegewasserstelle` ENABLE KEYS */;
UNLOCK TABLES;

--
-- Table structure for table `herkunft`
--

/*!40101 SET @saved_cs_client     = @@character_set_client */;
/*!40101 SET character_set_client = utf8 */;
CREATE TABLE `herkunft` (
  `id` int(11) NOT NULL,
  `name` varchar(50) NOT NULL,
  `nameen` varchar(50) NOT NULL,
  `nametiere` varchar(50) NOT NULL,
  `bild` varchar(255) DEFAULT NULL,
  UNIQUE KEY `herkunftindex` (`id`)
);
/*!40101 SET character_set_client = @saved_cs_client */;

--
-- Dumping data for table `herkunft`
--

LOCK TABLES `herkunft` WRITE;
/*!40000 ALTER TABLE `herkunft` DISABLE KEYS */;
INSERT INTO `herkunft` VALUES (1,'Akademie','Academy','Akademietiere','akademie.png'),(2,'Sammelalbum','collectors album','Sammelalbumtiere','sammelalbum.png'),(3,'Zuchtwochen','Breeding event','Zuchtwochentiere','zucht.png'),(4,'Event','Event','Eventtiere','event.png'),(5,'Klubwettbewerb','Club Contests','Klubwettbewerbtiere','klubwettbewerb.png'),(6,'normale Zucht','Animals','normale Zuchttiere','zucht.png'),(7,'Vip-Tier','VIP Animals','Vip-Tiere','vip.png'),(8,'Kalender','Calendar','Kalendertiere','kalender.png'),(9,'Premium-Tier','Premium Animals','Premium-Tiere','premium.png'),(10,'Shop','Shop','Shoptiere','shop.png'),(11,'Klubshop','Club Shop','Klubshoptiere','shop.png'),(12,'Freundschaftstruhe','Friendship Chests','Freundschaftstruhetiere','freundschaftstruhe.png'),(13,'Retro Truhe','Retro Chests','Retro Truhetiere','retro-truhe.png'),(14,'Legendäre Truhe','Legendary Chests','Legendäre Truhetiere','legendaere-truhe.png'),(15,'Quest','Quest','Questtiere','quest.png'),(16,'Level','Level Up','Leveltiere','level-up.png'),(17,'Epische Truhe','Epic Chests','Epische Truhetiere','epische-truhe.png'),(18,'Seltene Truhe','Normal Chests','Seltene Truhetiere','seltene-truhe.png'),(19,'Top-Angebot','Top Offer','Top-Angebottiere','top.png'),(20,'Glücksrad','Prize Wheel','Glücksrad','gluecksrad.png'),(21,'Eismann','Ice Cream Vendor','Eismann','eismann.png');
/*!40000 ALTER TABLE `herkunft` ENABLE KEYS */;
UNLOCK TABLES;

--
-- Table structure for table `klubrollen`
--

/*!40101 SET @saved_cs_client     = @@character_set_client */;
/*!40101 SET character_set_client = utf8 */;
CREATE TABLE `klubrollen` (
  `id` int(11) NOT NULL,
  `name` varchar(255) NOT NULL,
  `nameEn` varchar(255) DEFAULT NULL,
  UNIQUE KEY `klubrollenindex` (`id`)
);
/*!40101 SET character_set_client = @saved_cs_client */;

--
-- Dumping data for table `klubrollen`
--

LOCK TABLES `klubrollen` WRITE;
/*!40000 ALTER TABLE `klubrollen` DISABLE KEYS */;
INSERT INTO `klubrollen` VALUES (1,'Mitglied','Member'),(2,'Minister','Minister'),(3,'Präsident','President');
/*!40000 ALTER TABLE `klubrollen` ENABLE KEYS */;
UNLOCK TABLES;

--
-- Table structure for table `mitglieder`
--

/*!40101 SET @saved_cs_client     = @@character_set_client */;
/*!40101 SET character_set_client = utf8 */;
CREATE TABLE `mitglieder` (
  `id` int(11) NOT NULL,
  `upjersname` varchar(50) NOT NULL,
  `webseitename` varchar(50) DEFAULT NULL,
  `webseitenpasswort` varchar(100) NOT NULL,
  `wikiname` varchar(50) DEFAULT NULL,
  `name` varchar(50) DEFAULT NULL,
  `upjersid` varchar(10) DEFAULT NULL,
  `sprache` varchar(20) DEFAULT NULL,
  `aktiv` varchar(5) NOT NULL,
  `seit` varchar(20) DEFAULT NULL,
  `klubstatus` int(11) NOT NULL,
  `webseitestatus` int(11) NOT NULL,
  `klubrang` int(11) NOT NULL,
  `level` int(11) NOT NULL,
  `akademie` int(11) DEFAULT NULL,
  UNIQUE KEY `id` (`id`)
);
/*!40101 SET character_set_client = @saved_cs_client */;

--
-- Dumping data for table `mitglieder`
--

LOCK TABLES `mitglieder` WRITE;
/*!40000 ALTER TABLE `mitglieder` DISABLE KEYS */;
INSERT INTO `mitglieder` VALUES (1000,'Ronny','Ronny','','Ronny','Ronny Schneider','GxR-V0','de','ja','21.05.2020',3,3,20,112,5),(2000,'Luna','Luna','$2y$10$qJPzvOfPTlc17VeTHPLz1uYTBJIFCOCsJia.0oiHqC2i9qFAPN9nK','Luna','Melanie Busse','lOUjf5','de','ja','05.11.2020',2,3,0,114,0),(3000,'Micha','Micha','','Micha','Michael Meinel','rfiQmk','de','ja','05.11.2020',2,2,20,120,5),(4000,'Jonathan','Jonathan','','Jonathan','Miriam Elsäßer','4rO2ET','de','ja','08.12.2020',2,2,20,111,5),(5000,'Iris','Iris','','Iris','Iris Schrapp','z1iMvk','de','ja','21.12.2020',1,1,20,108,5),(6000,'PamsyMac','PamsyMac','','PamsyMac','Pam Maclean','3DRvoR','en','ja','13.01.2021',1,1,17,104,5),(7000,'Paul','Paul','','Paul','Paul Macura','AYFE2A','de','ja','16.08.2021',1,1,20,111,5),(8000,'Claudi','Claudi','','Claudi','Claudia Ko','Wtpi8n','de','ja','11.09.2021',1,1,20,111,5),(9000,'Idefix','Idefix','','Idefix','Jenny Schäfer','DWIHrr','de','ja','13.10.2021',1,2,20,113,5),(10000,'Lena','Lena','','Lena','','','de','ja','14.11.2022',1,1,10,73,5),(11000,'LiLu','LiLu','','LiLu','','','de','ja','17.12.2023',1,1,12,109,5),(12000,'Dries','Dries','','Dries','','HURC_7','en','ja','21.02.2024',1,1,9,104,5),(13000,'Lukas','Lukas','','Lukas','','','de','ja','23.02.2024',1,1,14,110,5),(14000,'Kars','Kars','','Kars','','','en','ja','22.08.2024',1,1,9,97,5),(15000,'Patricia','Patricia','','Patricia','','','en','ja','22.08.2024',1,1,5,96,5),(16000,'Janne','Janne','','Janne','','','de','ja','21.10.2024',1,1,2,59,5);
/*!40000 ALTER TABLE `mitglieder` ENABLE KEYS */;
UNLOCK TABLES;

--
-- Table structure for table `mitgliederlevel20`
--

/*!40101 SET @saved_cs_client     = @@character_set_client */;
/*!40101 SET character_set_client = utf8 */;
CREATE TABLE `mitgliederlevel20` (
  `id` int(11) NOT NULL,
  `tierId` int(11) NOT NULL,
  `mitgliederId` int(11) NOT NULL,
  `vorhanden` varchar(20) DEFAULT '0',
  UNIQUE KEY `mitgliederlevel20index` (`id`)
);
/*!40101 SET character_set_client = @saved_cs_client */;

--
-- Dumping data for table `mitgliederlevel20`
--

LOCK TABLES `mitgliederlevel20` WRITE;
/*!40000 ALTER TABLE `mitgliederlevel20` DISABLE KEYS */;
INSERT INTO `mitgliederlevel20` VALUES (1000,502,1000,'0'),(1001,202,1000,'0'),(1002,503,1000,'0'),(1003,402,1000,'0'),(1004,202,1000,'1'),(1005,304,1000,'0'),(1006,506,1000,'0'),(1007,703,1000,'1'),(1008,308,1000,'1'),(1009,509,1000,'0'),(1010,310,1000,'1'),(1011,211,1000,'1'),(1012,512,1000,'0'),(1013,316,1000,'0'),(1014,611,1000,'0'),(1015,107,1000,'1'),(1016,216,1000,'1'),(1017,108,1000,'1'),(1018,109,1000,'1'),(1019,614,1000,'1'),(1020,110,1000,'1'),(1021,112,1000,'0'),(1022,709,1000,'0'),(1023,322,1000,'1'),(1024,216,1000,'1'),(1025,621,1000,'0'),(1026,520,1000,'0'),(1027,224,1000,'0'),(1028,627,1000,'0'),(1029,324,1000,'1'),(1030,521,1000,'0'),(1031,634,1000,'0'),(1032,326,1000,'1'),(1033,223,1000,'0'),(1034,227,1000,'0'),(1035,638,1000,'0'),(1036,229,1000,'0'),(1037,224,1000,'1'),(1038,124,1000,'1'),(1039,713,1000,'0'),(1040,714,1000,'0'),(1041,227,1000,'1'),(1042,641,1000,'0'),(1043,329,1000,'0'),(1044,229,1000,'1'),(1045,331,1000,'1'),(1046,128,1000,'1'),(1047,332,1000,'1'),(1048,717,1000,'0'),(1049,232,1000,'0'),(1050,237,1000,'1'),(1051,136,1000,'0'),(1052,237,1000,'0'),(1053,340,1000,'1'),(1054,232,1000,'0'),(2000,502,2000,'0'),(2001,202,2000,'0'),(2002,503,2000,'0'),(2003,402,2000,'1'),(2004,202,2000,'0'),(2005,304,2000,'0'),(2006,506,2000,'0'),(2007,703,2000,'0'),(2008,308,2000,'0'),(2009,509,2000,'0'),(2010,310,2000,'0'),(2011,211,2000,'1'),(2012,512,2000,'0'),(2013,316,2000,'0'),(2014,611,2000,'0'),(2015,107,2000,'1'),(2016,216,2000,'0'),(2017,108,2000,'1'),(2018,109,2000,'1'),(2019,614,2000,'1'),(2020,110,2000,'0'),(2021,112,2000,'0'),(2022,709,2000,'0'),(2023,322,2000,'0'),(2024,216,2000,'0'),(2025,621,2000,'0'),(2026,520,2000,'0'),(2027,224,2000,'0'),(2028,627,2000,'0'),(2029,324,2000,'0'),(2030,521,2000,'0'),(2031,634,2000,'0'),(2032,326,2000,'0'),(2033,223,2000,'1'),(2034,227,2000,'0'),(2035,638,2000,'0'),(2036,229,2000,'0'),(2037,224,2000,'0'),(2038,124,2000,'1'),(2039,713,2000,'0'),(2040,714,2000,'0'),(2041,227,2000,'0'),(2042,641,2000,'0'),(2043,329,2000,'0'),(2044,229,2000,'1'),(2045,331,2000,'1'),(2046,128,2000,'1'),(2047,332,2000,'1'),(2048,717,2000,'0'),(2049,232,2000,'0'),(2050,237,2000,'1'),(2051,136,2000,'1'),(2052,237,2000,'0'),(2053,340,2000,'0'),(2054,232,2000,'0'),(3000,502,3000,'1'),(3001,202,3000,'1'),(3002,503,3000,'1'),(3003,402,3000,'1'),(3004,202,3000,'1'),(3005,304,3000,'1'),(3006,506,3000,'1'),(3007,703,3000,'1'),(3008,308,3000,'1'),(3009,509,3000,'1'),(3010,310,3000,'0'),(3011,211,3000,'1'),(3012,512,3000,'1'),(3013,316,3000,'1'),(3014,611,3000,'1'),(3015,107,3000,'1'),(3016,216,3000,'1'),(3017,108,3000,'1'),(3018,109,3000,'1'),(3019,614,3000,'1'),(3020,110,3000,'1'),(3021,112,3000,'1'),(3022,709,3000,'0'),(3023,322,3000,'1'),(3024,216,3000,'0'),(3025,621,3000,'1'),(3026,520,3000,'1'),(3027,224,3000,'1'),(3028,627,3000,'1'),(3029,324,3000,'1'),(3030,521,3000,'1'),(3031,634,3000,'1'),(3032,326,3000,'1'),(3033,223,3000,'1'),(3034,227,3000,'0'),(3035,638,3000,'1'),(3036,229,3000,'1'),(3037,224,3000,'1'),(3038,124,3000,'1'),(3039,713,3000,'1'),(3040,714,3000,'0'),(3041,227,3000,'1'),(3042,641,3000,'0'),(3043,329,3000,'1'),(3044,229,3000,'1'),(3045,331,3000,'1'),(3046,128,3000,'1'),(3047,332,3000,'1'),(3048,717,3000,'1'),(3049,232,3000,'1'),(3050,237,3000,'1'),(3051,136,3000,'1'),(3052,237,3000,'1'),(3053,340,3000,'1'),(3054,232,3000,'1'),(4000,502,4000,NULL),(4001,202,4000,NULL),(4002,503,4000,NULL),(4003,402,4000,NULL),(4004,202,4000,NULL),(4005,304,4000,NULL),(4006,506,4000,NULL),(4007,703,4000,NULL),(4008,308,4000,NULL),(4009,509,4000,NULL),(4010,310,4000,NULL),(4011,211,4000,NULL),(4012,512,4000,NULL),(4013,316,4000,NULL),(4014,611,4000,NULL),(4015,107,4000,NULL),(4016,216,4000,NULL),(4017,108,4000,NULL),(4018,109,4000,NULL),(4019,614,4000,NULL),(4020,110,4000,NULL),(4021,112,4000,NULL),(4022,709,4000,NULL),(4023,322,4000,NULL),(4024,216,4000,NULL),(4025,621,4000,NULL),(4026,520,4000,NULL),(4027,224,4000,NULL),(4028,627,4000,NULL),(4029,324,4000,NULL),(4030,521,4000,NULL),(4031,634,4000,NULL),(4032,326,4000,NULL),(4033,223,4000,NULL),(4034,227,4000,NULL),(4035,638,4000,NULL),(4036,229,4000,NULL),(4037,224,4000,NULL),(4038,124,4000,NULL),(4039,713,4000,NULL),(4040,714,4000,NULL),(4041,227,4000,NULL),(4042,641,4000,NULL),(4043,329,4000,NULL),(4044,229,4000,NULL),(4045,331,4000,NULL),(4046,128,4000,NULL),(4047,332,4000,NULL),(4048,717,4000,NULL),(4049,232,4000,NULL),(4050,237,4000,NULL),(4051,136,4000,NULL),(4052,237,4000,NULL),(4053,340,4000,NULL),(4054,232,4000,NULL),(5000,502,5000,'1'),(5001,202,5000,'1'),(5002,503,5000,'1'),(5003,402,5000,'1'),(5004,202,5000,'1'),(5005,304,5000,'1'),(5006,506,5000,'1'),(5007,703,5000,'0'),(5008,308,5000,'0'),(5009,509,5000,'1'),(5010,310,5000,'0'),(5011,211,5000,'0'),(5012,512,5000,'0'),(5013,316,5000,'0'),(5014,611,5000,'1'),(5015,107,5000,'1'),(5016,216,5000,'1'),(5017,108,5000,'1'),(5018,109,5000,'1'),(5019,614,5000,'1'),(5020,110,5000,'1'),(5021,112,5000,'0'),(5022,709,5000,'1'),(5023,322,5000,'1'),(5024,216,5000,'1'),(5025,621,5000,'0'),(5026,520,5000,'1'),(5027,224,5000,'1'),(5028,627,5000,'0'),(5029,324,5000,'1'),(5030,521,5000,'1'),(5031,634,5000,'0'),(5032,326,5000,'1'),(5033,223,5000,'0'),(5034,227,5000,'0'),(5035,638,5000,'0'),(5036,229,5000,'1'),(5037,224,5000,'1'),(5038,124,5000,'1'),(5039,713,5000,'0'),(5040,714,5000,'1'),(5041,227,5000,'1'),(5042,641,5000,'0'),(5043,329,5000,'1'),(5044,229,5000,'1'),(5045,331,5000,'0'),(5046,128,5000,'1'),(5047,332,5000,'1'),(5048,717,5000,'1'),(5049,232,5000,'1'),(5050,237,5000,'1'),(5051,136,5000,'1'),(5052,237,5000,'1'),(5053,340,5000,'1'),(5054,232,5000,'0'),(6000,502,6000,NULL),(6001,202,6000,NULL),(6002,503,6000,NULL),(6003,402,6000,NULL),(6004,202,6000,NULL),(6005,304,6000,NULL),(6006,506,6000,NULL),(6007,703,6000,NULL),(6008,308,6000,NULL),(6009,509,6000,NULL),(6010,310,6000,NULL),(6011,211,6000,NULL),(6012,512,6000,NULL),(6013,316,6000,NULL),(6014,611,6000,NULL),(6015,107,6000,NULL),(6016,216,6000,NULL),(6017,108,6000,NULL),(6018,109,6000,NULL),(6019,614,6000,NULL),(6020,110,6000,NULL),(6021,112,6000,NULL),(6022,709,6000,NULL),(6023,322,6000,NULL),(6024,216,6000,NULL),(6025,621,6000,NULL),(6026,520,6000,NULL),(6027,224,6000,NULL),(6028,627,6000,NULL),(6029,324,6000,NULL),(6030,521,6000,NULL),(6031,634,6000,NULL),(6032,326,6000,NULL),(6033,223,6000,NULL),(6034,227,6000,NULL),(6035,638,6000,NULL),(6036,229,6000,NULL),(6037,224,6000,NULL),(6038,124,6000,NULL),(6039,713,6000,NULL),(6040,714,6000,NULL),(6041,227,6000,NULL),(6042,641,6000,NULL),(6043,329,6000,NULL),(6044,229,6000,NULL),(6045,331,6000,NULL),(6046,128,6000,NULL),(6047,332,6000,NULL),(6048,717,6000,NULL),(6049,232,6000,NULL),(6050,237,6000,NULL),(6051,136,6000,NULL),(6052,237,6000,NULL),(6053,340,6000,NULL),(6054,232,6000,NULL),(7000,502,7000,NULL),(7001,202,7000,NULL),(7002,503,7000,NULL),(7003,402,7000,NULL),(7004,202,7000,NULL),(7005,304,7000,NULL),(7006,506,7000,NULL),(7007,703,7000,NULL),(7008,308,7000,NULL),(7009,509,7000,NULL),(7010,310,7000,NULL),(7011,211,7000,NULL),(7012,512,7000,NULL),(7013,316,7000,NULL),(7014,611,7000,NULL),(7015,107,7000,NULL),(7016,216,7000,NULL),(7017,108,7000,NULL),(7018,109,7000,NULL),(7019,614,7000,NULL),(7020,110,7000,NULL),(7021,112,7000,NULL),(7022,709,7000,NULL),(7023,322,7000,NULL),(7024,216,7000,NULL),(7025,621,7000,NULL),(7026,520,7000,NULL),(7027,224,7000,NULL),(7028,627,7000,NULL),(7029,324,7000,NULL),(7030,521,7000,NULL),(7031,634,7000,NULL),(7032,326,7000,NULL),(7033,223,7000,NULL),(7034,227,7000,NULL),(7035,638,7000,NULL),(7036,229,7000,NULL),(7037,224,7000,NULL),(7038,124,7000,NULL),(7039,713,7000,NULL),(7040,714,7000,NULL),(7041,227,7000,NULL),(7042,641,7000,NULL),(7043,329,7000,NULL),(7044,229,7000,NULL),(7045,331,7000,NULL),(7046,128,7000,NULL),(7047,332,7000,NULL),(7048,717,7000,NULL),(7049,232,7000,NULL),(7050,237,7000,NULL),(7051,136,7000,NULL),(7052,237,7000,NULL),(7053,340,7000,NULL),(7054,232,7000,NULL),(8000,502,8000,'1'),(8001,202,8000,'0'),(8002,503,8000,'1'),(8003,402,8000,'1'),(8004,202,8000,'0'),(8005,304,8000,'0'),(8006,506,8000,'1'),(8007,703,8000,'1'),(8008,308,8000,'1'),(8009,509,8000,'0'),(8010,310,8000,'0'),(8011,211,8000,'1'),(8012,512,8000,'1'),(8013,316,8000,'0'),(8014,611,8000,'0'),(8015,107,8000,'1'),(8016,216,8000,'0'),(8017,108,8000,'1'),(8018,109,8000,'1'),(8019,614,8000,'1'),(8020,110,8000,'1'),(8021,112,8000,'0'),(8022,709,8000,'0'),(8023,322,8000,'1'),(8024,216,8000,'1'),(8025,621,8000,'0'),(8026,520,8000,'1'),(8027,224,8000,'0'),(8028,627,8000,'0'),(8029,324,8000,'0'),(8030,521,8000,'1'),(8031,634,8000,'0'),(8032,326,8000,'1'),(8033,223,8000,'0'),(8034,227,8000,'0'),(8035,638,8000,'0'),(8036,229,8000,'0'),(8037,224,8000,'1'),(8038,124,8000,'1'),(8039,713,8000,'1'),(8040,714,8000,'0'),(8041,227,8000,'1'),(8042,641,8000,'0'),(8043,329,8000,'0'),(8044,229,8000,'0'),(8045,331,8000,'1'),(8046,128,8000,'1'),(8047,332,8000,'0'),(8048,717,8000,'1'),(8049,232,8000,'0'),(8050,237,8000,'1'),(8051,136,8000,'0'),(8052,237,8000,'1'),(8053,340,8000,'1'),(8054,232,8000,'1'),(9000,502,9000,'1'),(9001,202,9000,'1'),(9002,503,9000,'0'),(9003,402,9000,'1'),(9004,202,9000,'1'),(9005,304,9000,'0'),(9006,506,9000,'0'),(9007,703,9000,'1'),(9008,308,9000,'0'),(9009,509,9000,'0'),(9010,310,9000,'0'),(9011,211,9000,'0'),(9012,512,9000,'0'),(9013,316,9000,'0'),(9014,611,9000,'0'),(9015,107,9000,'1'),(9016,216,9000,'0'),(9017,108,9000,'1'),(9018,109,9000,'1'),(9019,614,9000,'1'),(9020,110,9000,'0'),(9021,112,9000,'0'),(9022,709,9000,'0'),(9023,322,9000,'0'),(9024,216,9000,'0'),(9025,621,9000,'0'),(9026,520,9000,'0'),(9027,224,9000,'0'),(9028,627,9000,'0'),(9029,324,9000,'0'),(9030,521,9000,'0'),(9031,634,9000,'0'),(9032,326,9000,'1'),(9033,223,9000,'0'),(9034,227,9000,'0'),(9035,638,9000,'0'),(9036,229,9000,'1'),(9037,224,9000,'0'),(9038,124,9000,'1'),(9039,713,9000,'0'),(9040,714,9000,'0'),(9041,227,9000,'0'),(9042,641,9000,'1'),(9043,329,9000,'0'),(9044,229,9000,'1'),(9045,331,9000,'0'),(9046,128,9000,'0'),(9047,332,9000,'0'),(9048,717,9000,'0'),(9049,232,9000,'1'),(9050,237,9000,'1'),(9051,136,9000,'0'),(9052,237,9000,'0'),(9053,340,9000,'0'),(9054,232,9000,'0'),(10000,502,10000,NULL),(10001,202,10000,NULL),(10002,503,10000,NULL),(10003,402,10000,NULL),(10004,202,10000,NULL),(10005,304,10000,NULL),(10006,506,10000,NULL),(10007,703,10000,NULL),(10008,308,10000,NULL),(10009,509,10000,NULL),(10010,310,10000,NULL),(10011,211,10000,NULL),(10012,512,10000,NULL),(10013,316,10000,NULL),(10014,611,10000,NULL),(10015,107,10000,NULL),(10016,216,10000,NULL),(10017,108,10000,NULL),(10018,109,10000,NULL),(10019,614,10000,NULL),(10020,110,10000,NULL),(10021,112,10000,NULL),(10022,709,10000,NULL),(10023,322,10000,NULL),(10024,216,10000,NULL),(10025,621,10000,NULL),(10026,520,10000,NULL),(10027,224,10000,NULL),(10028,627,10000,NULL),(10029,324,10000,NULL),(10030,521,10000,NULL),(10031,634,10000,NULL),(10032,326,10000,NULL),(10033,223,10000,NULL),(10034,227,10000,NULL),(10035,638,10000,NULL),(10036,229,10000,NULL),(10037,224,10000,NULL),(10038,124,10000,NULL),(10039,713,10000,NULL),(10040,714,10000,NULL),(10041,227,10000,NULL),(10042,641,10000,NULL),(10043,329,10000,NULL),(10044,229,10000,NULL),(10045,331,10000,NULL),(10046,128,10000,NULL),(10047,332,10000,NULL),(10048,717,10000,NULL),(10049,232,10000,NULL),(10050,237,10000,NULL),(10051,136,10000,NULL),(10052,237,10000,NULL),(10053,340,10000,NULL),(10054,232,10000,NULL),(11000,502,11000,'0'),(11001,202,11000,'0'),(11002,503,11000,'0'),(11003,402,11000,'1'),(11004,202,11000,'1'),(11005,304,11000,'0'),(11006,506,11000,'1'),(11007,703,11000,'0'),(11008,308,11000,'0'),(11009,509,11000,'0'),(11010,310,11000,'0'),(11011,211,11000,'0'),(11012,512,11000,'0'),(11013,316,11000,'0'),(11014,611,11000,'0'),(11015,107,11000,'0'),(11016,216,11000,'0'),(11017,108,11000,'0'),(11018,109,11000,'1'),(11019,614,11000,'0'),(11020,110,11000,'0'),(11021,112,11000,'0'),(11022,709,11000,'0'),(11023,322,11000,'0'),(11024,216,11000,'0'),(11025,621,11000,'0'),(11026,520,11000,'0'),(11027,224,11000,'0'),(11028,627,11000,'0'),(11029,324,11000,'0'),(11030,521,11000,'1'),(11031,634,11000,'0'),(11032,326,11000,'0'),(11033,223,11000,'0'),(11034,227,11000,'0'),(11035,638,11000,'0'),(11036,229,11000,'0'),(11037,224,11000,'0'),(11038,124,11000,'0'),(11039,713,11000,'0'),(11040,714,11000,'0'),(11041,227,11000,'0'),(11042,641,11000,'0'),(11043,329,11000,'0'),(11044,229,11000,'0'),(11045,331,11000,'1'),(11046,128,11000,'0'),(11047,332,11000,'0'),(11048,717,11000,'0'),(11049,232,11000,'0'),(11050,237,11000,'1'),(11051,136,11000,'1'),(11052,237,11000,'0'),(11053,340,11000,'0'),(11054,232,11000,'0'),(12000,502,12000,'0'),(12001,202,12000,'0'),(12002,503,12000,'0'),(12003,402,12000,'0'),(12004,202,12000,'0'),(12005,304,12000,'0'),(12006,506,12000,'0'),(12007,703,12000,'0'),(12008,308,12000,'0'),(12009,509,12000,'0'),(12010,310,12000,'0'),(12011,211,12000,'0'),(12012,512,12000,'0'),(12013,316,12000,'0'),(12014,611,12000,'0'),(12015,107,12000,'0'),(12016,216,12000,'0'),(12017,108,12000,'0'),(12018,109,12000,'1'),(12019,614,12000,'0'),(12020,110,12000,'0'),(12021,112,12000,'0'),(12022,709,12000,'0'),(12023,322,12000,'0'),(12024,216,12000,'0'),(12025,621,12000,'0'),(12026,520,12000,'0'),(12027,224,12000,'0'),(12028,627,12000,'0'),(12029,324,12000,'0'),(12030,521,12000,'0'),(12031,634,12000,'0'),(12032,326,12000,'0'),(12033,223,12000,'0'),(12034,227,12000,'0'),(12035,638,12000,'0'),(12036,229,12000,'0'),(12037,224,12000,'0'),(12038,124,12000,'0'),(12039,713,12000,'0'),(12040,714,12000,'0'),(12041,227,12000,'0'),(12042,641,12000,'0'),(12043,329,12000,'0'),(12044,229,12000,'0'),(12045,331,12000,'1'),(12046,128,12000,'0'),(12047,332,12000,'0'),(12048,717,12000,'0'),(12049,232,12000,'0'),(12050,237,12000,'0'),(12051,136,12000,'0'),(12052,237,12000,'0'),(12053,340,12000,'0'),(12054,232,12000,'0'),(13000,502,13000,'0'),(13001,202,13000,'0'),(13002,503,13000,'0'),(13003,402,13000,'0'),(13004,202,13000,'0'),(13005,304,13000,'0'),(13006,506,13000,'0'),(13007,703,13000,'0'),(13008,308,13000,'0'),(13009,509,13000,'0'),(13010,310,13000,'0'),(13011,211,13000,'1'),(13012,512,13000,'0'),(13013,316,13000,'1'),(13014,611,13000,'0'),(13015,107,13000,'0'),(13016,216,13000,'0'),(13017,108,13000,'1'),(13018,109,13000,'1'),(13019,614,13000,'0'),(13020,110,13000,'0'),(13021,112,13000,'1'),(13022,709,13000,'0'),(13023,322,13000,'0'),(13024,216,13000,'0'),(13025,621,13000,'0'),(13026,520,13000,'0'),(13027,224,13000,'0'),(13028,627,13000,'0'),(13029,324,13000,'1'),(13030,521,13000,'1'),(13031,634,13000,'0'),(13032,326,13000,'0'),(13033,223,13000,'0'),(13034,227,13000,'0'),(13035,638,13000,'0'),(13036,229,13000,'0'),(13037,224,13000,'0'),(13038,124,13000,'0'),(13039,713,13000,'0'),(13040,714,13000,'0'),(13041,227,13000,'0'),(13042,641,13000,'0'),(13043,329,13000,'0'),(13044,229,13000,'0'),(13045,331,13000,'0'),(13046,128,13000,'0'),(13047,332,13000,'0'),(13048,717,13000,'0'),(13049,232,13000,'0'),(13050,237,13000,'0'),(13051,136,13000,'0'),(13052,237,13000,'0'),(13053,340,13000,'0'),(13054,232,13000,'0'),(14000,502,14000,NULL),(14001,202,14000,NULL),(14002,503,14000,NULL),(14003,402,14000,NULL),(14004,202,14000,NULL),(14005,304,14000,NULL),(14006,506,14000,NULL),(14007,703,14000,NULL),(14008,308,14000,NULL),(14009,509,14000,NULL),(14010,310,14000,NULL),(14011,211,14000,NULL),(14012,512,14000,NULL),(14013,316,14000,NULL),(14014,611,14000,NULL),(14015,107,14000,NULL),(14016,216,14000,NULL),(14017,108,14000,NULL),(14018,109,14000,NULL),(14019,614,14000,NULL),(14020,110,14000,NULL),(14021,112,14000,NULL),(14022,709,14000,NULL),(14023,322,14000,NULL),(14024,216,14000,NULL),(14025,621,14000,NULL),(14026,520,14000,NULL),(14027,224,14000,NULL),(14028,627,14000,NULL),(14029,324,14000,NULL),(14030,521,14000,NULL),(14031,634,14000,NULL),(14032,326,14000,NULL),(14033,223,14000,NULL),(14034,227,14000,NULL),(14035,638,14000,NULL),(14036,229,14000,NULL),(14037,224,14000,NULL),(14038,124,14000,NULL),(14039,713,14000,NULL),(14040,714,14000,NULL),(14041,227,14000,NULL),(14042,641,14000,NULL),(14043,329,14000,NULL),(14044,229,14000,NULL),(14045,331,14000,NULL),(14046,128,14000,NULL),(14047,332,14000,NULL),(14048,717,14000,NULL),(14049,232,14000,NULL),(14050,237,14000,NULL),(14051,136,14000,NULL),(14052,237,14000,NULL),(14053,340,14000,NULL),(14054,232,14000,NULL),(15000,502,15000,NULL),(15001,202,15000,NULL),(15002,503,15000,NULL),(15003,402,15000,NULL),(15004,202,15000,NULL),(15005,304,15000,NULL),(15006,506,15000,NULL),(15007,703,15000,NULL),(15008,308,15000,NULL),(15009,509,15000,NULL),(15010,310,15000,NULL),(15011,211,15000,NULL),(15012,512,15000,NULL),(15013,316,15000,NULL),(15014,611,15000,NULL),(15015,107,15000,NULL),(15016,216,15000,NULL),(15017,108,15000,NULL),(15018,109,15000,NULL),(15019,614,15000,NULL),(15020,110,15000,NULL),(15021,112,15000,NULL),(15022,709,15000,NULL),(15023,322,15000,NULL),(15024,216,15000,NULL),(15025,621,15000,NULL),(15026,520,15000,NULL),(15027,224,15000,NULL),(15028,627,15000,NULL),(15029,324,15000,NULL),(15030,521,15000,NULL),(15031,634,15000,NULL),(15032,326,15000,NULL),(15033,223,15000,NULL),(15034,227,15000,NULL),(15035,638,15000,NULL),(15036,229,15000,NULL),(15037,224,15000,NULL),(15038,124,15000,NULL),(15039,713,15000,NULL),(15040,714,15000,NULL),(15041,227,15000,NULL),(15042,641,15000,NULL),(15043,329,15000,NULL),(15044,229,15000,NULL),(15045,331,15000,NULL),(15046,128,15000,NULL),(15047,332,15000,NULL),(15048,717,15000,NULL),(15049,232,15000,NULL),(15050,237,15000,NULL),(15051,136,15000,NULL),(15052,237,15000,NULL),(15053,340,15000,NULL),(15054,232,15000,NULL),(16000,502,16000,NULL),(16001,202,16000,NULL),(16002,503,16000,NULL),(16003,402,16000,NULL),(16004,202,16000,NULL),(16005,304,16000,NULL),(16006,506,16000,NULL),(16007,703,16000,NULL),(16008,308,16000,NULL),(16009,509,16000,NULL),(16010,310,16000,NULL),(16011,211,16000,NULL),(16012,512,16000,NULL),(16013,316,16000,NULL),(16014,611,16000,NULL),(16015,107,16000,NULL),(16016,216,16000,NULL),(16017,108,16000,NULL),(16018,109,16000,NULL),(16019,614,16000,NULL),(16020,110,16000,NULL),(16021,112,16000,NULL),(16022,709,16000,NULL),(16023,322,16000,NULL),(16024,216,16000,NULL),(16025,621,16000,NULL),(16026,520,16000,NULL),(16027,224,16000,NULL),(16028,627,16000,NULL),(16029,324,16000,NULL),(16030,521,16000,NULL),(16031,634,16000,NULL),(16032,326,16000,NULL),(16033,223,16000,NULL),(16034,227,16000,NULL),(16035,638,16000,NULL),(16036,229,16000,NULL),(16037,224,16000,NULL),(16038,124,16000,NULL),(16039,713,16000,NULL),(16040,714,16000,NULL),(16041,227,16000,NULL),(16042,641,16000,NULL),(16043,329,16000,NULL),(16044,229,16000,NULL),(16045,331,16000,NULL),(16046,128,16000,NULL),(16047,332,16000,NULL),(16048,717,16000,NULL),(16049,232,16000,NULL),(16050,237,16000,NULL),(16051,136,16000,NULL),(16052,237,16000,NULL),(16053,340,16000,NULL),(16054,232,16000,NULL);
/*!40000 ALTER TABLE `mitgliederlevel20` ENABLE KEYS */;
UNLOCK TABLES;

--
-- Table structure for table `mitgliederrang`
--

/*!40101 SET @saved_cs_client     = @@character_set_client */;
/*!40101 SET character_set_client = utf8 */;
CREATE TABLE `mitgliederrang` (
  `id` int(11) NOT NULL,
  `name` varchar(255) DEFAULT NULL,
  `name-en` varchar(255) DEFAULT NULL,
  `level` int(11) NOT NULL,
  `exp-zum-naechsten-level` int(11) DEFAULT NULL,
  `bild` varchar(255) DEFAULT NULL,
  UNIQUE KEY `id` (`id`)
);
/*!40101 SET character_set_client = @saved_cs_client */;

--
-- Dumping data for table `mitgliederrang`
--

LOCK TABLES `mitgliederrang` WRITE;
/*!40000 ALTER TABLE `mitgliederrang` DISABLE KEYS */;
INSERT INTO `mitgliederrang` VALUES (1,'Kleiner Hase','Small Bunny',1,0,''),(2,'Schlauer Fux','Clever Fox',2,500,''),(3,'Frecher Affe','Mischievous Monkey',3,1500,''),(4,'Mächtiger Bär','Mighty Bear',4,3000,''),(5,'Stolzer Löwe','Proud Lion',5,5500,''),(6,'Eleganter Schwan','Elegant Swan',6,8500,''),(7,'Kühner Adler','Bold Eagle',7,12500,''),(8,'Unermütlicher Panda','Tireless Panda',8,18500,''),(9,'Lebhafter Mandrill','Lively Mandrill',9,26500,''),(10,'Fleissiges Rentier','Rugged Reindeer',10,36500,''),(11,'Harter Wildhund','Tough Wild Dog',11,56500,''),(12,'Kräftiges Bison','Strong Bison',12,96500,''),(13,'Furchtloser Gepard','Fearless Cheetah',13,156500,''),(14,'Cleverer Delfin','Brainy Dolphin',14,236500,''),(15,'Entschlossener Komodowaran','Determined Komodo Dragon',15,336500,''),(16,'Gutmütiger Elefant','Easygoing Elephant',16,0,''),(17,'Heldenhafter Kaiserpinguin','Heroic Emperor Pengiun',17,0,''),(18,'Unverzichtbarer Bengal Tiger','Indispensable Bengal Tiger',18,0,''),(19,'Legendärer Weißer Tiger','Legendary White Tiger',19,0,''),(20,'Sagenhafter Malteser Tiger','Mythical Maltese Tiger',20,0,'');
/*!40000 ALTER TABLE `mitgliederrang` ENABLE KEYS */;
UNLOCK TABLES;

--
-- Table structure for table `mitgliederstatuen`
--

/*!40101 SET @saved_cs_client     = @@character_set_client */;
/*!40101 SET character_set_client = utf8 */;
CREATE TABLE `mitgliederstatuen` (
  `id` int(11) NOT NULL,
  `statueId` int(11) NOT NULL,
  `mitgliederId` int(11) NOT NULL,
  `puzzleteile` int(11) DEFAULT 0,
  UNIQUE KEY `mitgliederstatuenindex` (`id`)
);
/*!40101 SET character_set_client = @saved_cs_client */;

--
-- Dumping data for table `mitgliederstatuen`
--

LOCK TABLES `mitgliederstatuen` WRITE;
/*!40000 ALTER TABLE `mitgliederstatuen` DISABLE KEYS */;
INSERT INTO `mitgliederstatuen` VALUES (2000,1,2000,100),(2001,2,2000,100),(2002,3,2000,100),(2003,4,2000,100),(2004,5,2000,100),(2005,6,2000,100),(2006,7,2000,100),(2007,8,2000,100),(2008,9,2000,100),(2009,10,2000,100),(2010,11,2000,100),(2011,12,2000,100),(2012,13,2000,100),(2013,14,2000,100),(2014,15,2000,100),(2015,16,2000,100),(2016,17,2000,100),(2017,18,2000,100),(2018,19,2000,100),(2019,20,2000,100),(2020,21,2000,100),(2021,22,2000,100),(2022,23,2000,100),(2023,24,2000,100),(2024,25,2000,100),(2025,26,2000,100),(2026,27,2000,100),(2027,28,2000,100),(2028,29,2000,100),(2029,30,2000,100),(2030,31,2000,100),(2031,32,2000,100),(2032,33,2000,100),(2033,34,2000,100),(2034,35,2000,100),(2035,36,2000,100),(2036,37,2000,100),(2037,38,2000,100),(2038,39,2000,100),(2039,40,2000,100),(2040,41,2000,100),(2041,42,2000,100),(2042,43,2000,100),(2043,44,2000,100),(2044,45,2000,100),(2045,46,2000,100),(2046,47,2000,100),(2047,48,2000,100),(2048,49,2000,100),(2049,50,2000,100),(2050,51,2000,100),(2051,52,2000,100),(3000,1,3000,100),(3001,2,3000,100),(3002,3,3000,100),(3003,4,3000,100),(3004,5,3000,100),(3005,6,3000,100),(3006,7,3000,100),(3007,8,3000,100),(3008,9,3000,100),(3009,10,3000,100),(3010,11,3000,100),(3011,12,3000,100),(3012,13,3000,100),(3013,14,3000,100),(3014,15,3000,100),(3015,16,3000,100),(3016,17,3000,100),(3017,18,3000,100),(3018,19,3000,100),(3019,20,3000,100),(3020,21,3000,100),(3021,22,3000,100),(3022,23,3000,100),(3023,24,3000,100),(3024,25,3000,100),(3025,26,3000,100),(3026,27,3000,100),(3027,28,3000,100),(3028,29,3000,100),(3029,30,3000,100),(3030,31,3000,100),(3031,32,3000,100),(3032,33,3000,100),(3033,34,3000,100),(3034,35,3000,100),(3035,36,3000,100),(3036,37,3000,100),(3037,38,3000,100),(3038,39,3000,100),(3039,40,3000,100),(3040,41,3000,100),(3041,42,3000,100),(3042,43,3000,100),(3043,44,3000,100),(3044,45,3000,100),(3045,46,3000,100),(3046,47,3000,100),(3047,48,3000,100),(3048,49,3000,100),(3049,50,3000,100),(3050,51,3000,100),(3051,52,3000,100),(4000,1,4000,100),(4001,2,4000,100),(4002,3,4000,100),(4003,4,4000,100),(4004,5,4000,100),(4005,6,4000,100),(4006,7,4000,100),(4007,8,4000,100),(4008,9,4000,100),(4009,10,4000,100),(4010,11,4000,100),(4011,12,4000,100),(4012,13,4000,100),(4013,14,4000,100),(4014,15,4000,100),(4015,16,4000,100),(4016,17,4000,100),(4017,18,4000,100),(4018,19,4000,100),(4019,20,4000,100),(4020,21,4000,100),(4021,22,4000,100),(4022,23,4000,100),(4023,24,4000,100),(4024,25,4000,100),(4025,26,4000,100),(4026,27,4000,100),(4027,28,4000,100),(4028,29,4000,100),(4029,30,4000,100),(4030,31,4000,100),(4031,32,4000,100),(4032,33,4000,100),(4033,34,4000,100),(4034,35,4000,100),(4035,36,4000,100),(4036,37,4000,100),(4037,38,4000,100),(4038,39,4000,100),(4039,40,4000,100),(4040,41,4000,100),(4041,42,4000,100),(4042,43,4000,100),(4043,44,4000,100),(4044,45,4000,100),(4045,46,4000,100),(4046,47,4000,100),(4047,48,4000,100),(4048,49,4000,100),(4049,50,4000,100),(4050,51,4000,100),(4051,52,4000,100),(5000,1,5000,100),(5001,2,5000,100),(5002,3,5000,100),(5003,4,5000,100),(5004,5,5000,100),(5005,6,5000,100),(5006,7,5000,100),(5007,8,5000,100),(5008,9,5000,100),(5009,10,5000,100),(5010,11,5000,100),(5011,12,5000,100),(5012,13,5000,100),(5013,14,5000,100),(5014,15,5000,100),(5015,16,5000,100),(5016,17,5000,100),(5017,18,5000,100),(5018,19,5000,100),(5019,20,5000,100),(5020,21,5000,100),(5021,22,5000,100),(5022,23,5000,100),(5023,24,5000,100),(5024,25,5000,100),(5025,26,5000,100),(5026,27,5000,100),(5027,28,5000,100),(5028,29,5000,100),(5029,30,5000,100),(5030,31,5000,100),(5031,32,5000,100),(5032,33,5000,100),(5033,34,5000,100),(5034,35,5000,100),(5035,36,5000,100),(5036,37,5000,100),(5037,38,5000,100),(5038,39,5000,100),(5039,40,5000,100),(5040,41,5000,100),(5041,42,5000,100),(5042,43,5000,100),(5043,44,5000,100),(5044,45,5000,100),(5045,46,5000,100),(5046,47,5000,100),(5047,48,5000,100),(5048,49,5000,100),(5049,50,5000,100),(5050,51,5000,100),(5051,52,5000,100),(6000,1,6000,100),(6001,2,6000,100),(6002,3,6000,100),(6003,4,6000,100),(6004,5,6000,100),(6005,6,6000,100),(6006,7,6000,100),(6007,8,6000,100),(6008,9,6000,100),(6009,10,6000,100),(6010,11,6000,100),(6011,12,6000,100),(6012,13,6000,100),(6013,14,6000,100),(6014,15,6000,100),(6015,16,6000,100),(6016,17,6000,100),(6017,18,6000,100),(6018,19,6000,100),(6019,20,6000,100),(6020,21,6000,100),(6021,22,6000,100),(6022,23,6000,100),(6023,24,6000,100),(6024,25,6000,100),(6025,26,6000,100),(6026,27,6000,100),(6027,28,6000,100),(6028,29,6000,100),(6029,30,6000,100),(6030,31,6000,100),(6031,32,6000,100),(6032,33,6000,100),(6033,34,6000,100),(6034,35,6000,100),(6035,36,6000,100),(6036,37,6000,100),(6037,38,6000,100),(6038,39,6000,100),(6039,40,6000,100),(6040,41,6000,100),(6041,42,6000,100),(6042,43,6000,100),(6043,44,6000,100),(6044,45,6000,100),(6045,46,6000,100),(6046,47,6000,100),(6047,48,6000,100),(6048,49,6000,100),(6049,50,6000,100),(6050,51,6000,100),(6051,52,6000,100),(7000,1,7000,100),(7001,2,7000,100),(7002,3,7000,100),(7003,4,7000,100),(7004,5,7000,100),(7005,6,7000,100),(7006,7,7000,100),(7007,8,7000,100),(7008,9,7000,100),(7009,10,7000,100),(7010,11,7000,100),(7011,12,7000,100),(7012,13,7000,100),(7013,14,7000,100),(7014,15,7000,100),(7015,16,7000,100),(7016,17,7000,100),(7017,18,7000,100),(7018,19,7000,100),(7019,20,7000,100),(7020,21,7000,100),(7021,22,7000,100),(7022,23,7000,100),(7023,24,7000,100),(7024,25,7000,100),(7025,26,7000,100),(7026,27,7000,100),(7027,28,7000,100),(7028,29,7000,100),(7029,30,7000,100),(7030,31,7000,100),(7031,32,7000,100),(7032,33,7000,100),(7033,34,7000,100),(7034,35,7000,100),(7035,36,7000,100),(7036,37,7000,100),(7037,38,7000,100),(7038,39,7000,100),(7039,40,7000,100),(7040,41,7000,100),(7041,42,7000,100),(7042,43,7000,100),(7043,44,7000,100),(7044,45,7000,100),(7045,46,7000,100),(7046,47,7000,100),(7047,48,7000,100),(7048,49,7000,100),(7049,50,7000,100),(7050,51,7000,100),(7051,52,7000,100),(8000,1,8000,100),(8001,2,8000,100),(8002,3,8000,100),(8003,4,8000,100),(8004,5,8000,100),(8005,6,8000,100),(8006,7,8000,100),(8007,8,8000,100),(8008,9,8000,100),(8009,10,8000,100),(8010,11,8000,100),(8011,12,8000,100),(8012,13,8000,100),(8013,14,8000,100),(8014,15,8000,100),(8015,16,8000,100),(8016,17,8000,100),(8017,18,8000,100),(8018,19,8000,100),(8019,20,8000,100),(8020,21,8000,100),(8021,22,8000,100),(8022,23,8000,100),(8023,24,8000,100),(8024,25,8000,100),(8025,26,8000,100),(8026,27,8000,100),(8027,28,8000,100),(8028,29,8000,100),(8029,30,8000,100),(8030,31,8000,100),(8031,32,8000,100),(8032,33,8000,100),(8033,34,8000,100),(8034,35,8000,100),(8035,36,8000,100),(8036,37,8000,100),(8037,38,8000,100),(8038,39,8000,100),(8039,40,8000,100),(8040,41,8000,100),(8041,42,8000,100),(8042,43,8000,100),(8043,44,8000,100),(8044,45,8000,100),(8045,46,8000,100),(8046,47,8000,100),(8047,48,8000,100),(8048,49,8000,100),(8049,50,8000,100),(8050,51,8000,100),(8051,52,8000,100),(9000,1,9000,100),(9001,2,9000,100),(9002,3,9000,100),(9003,4,9000,100),(9004,5,9000,100),(9005,6,9000,100),(9006,7,9000,100),(9007,8,9000,100),(9008,9,9000,100),(9009,10,9000,100),(9010,11,9000,65),(9011,12,9000,100),(9012,13,9000,100),(9013,14,9000,100),(9014,15,9000,100),(9015,16,9000,100),(9016,17,9000,100),(9017,18,9000,80),(9018,19,9000,100),(9019,20,9000,100),(9020,21,9000,65),(9021,22,9000,100),(9022,23,9000,100),(9023,24,9000,100),(9024,25,9000,100),(9025,26,9000,100),(9026,27,9000,65),(9027,28,9000,100),(9028,29,9000,65),(9029,30,9000,100),(9030,31,9000,100),(9031,32,9000,80),(9032,33,9000,100),(9033,34,9000,100),(9034,35,9000,100),(9035,36,9000,100),(9036,37,9000,80),(9037,38,9000,100),(9038,39,9000,100),(9039,40,9000,80),(9040,41,9000,80),(9041,42,9000,100),(9042,43,9000,100),(9043,44,9000,100),(9044,45,9000,65),(9045,46,9000,100),(9046,47,9000,100),(9047,48,9000,80),(9048,49,9000,85),(9049,50,9000,100),(9050,51,9000,100),(9051,52,9000,100),(10000,1,10000,NULL),(10001,2,10000,NULL),(10002,3,10000,NULL),(10003,4,10000,100),(10004,5,10000,65),(10005,6,10000,NULL),(10006,7,10000,NULL),(10007,8,10000,NULL),(10008,9,10000,NULL),(10009,10,10000,NULL),(10010,11,10000,NULL),(10011,12,10000,100),(10012,13,10000,NULL),(10013,14,10000,100),(10014,15,10000,NULL),(10015,16,10000,100),(10016,17,10000,100),(10017,18,10000,NULL),(10018,19,10000,100),(10019,20,10000,100),(10020,21,10000,NULL),(10021,22,10000,80),(10022,23,10000,100),(10023,24,10000,NULL),(10024,25,10000,65),(10025,26,10000,NULL),(10026,27,10000,NULL),(10027,28,10000,NULL),(10028,29,10000,NULL),(10029,30,10000,65),(10030,31,10000,NULL),(10031,32,10000,NULL),(10032,33,10000,100),(10033,34,10000,100),(10034,35,10000,NULL),(10035,36,10000,NULL),(10036,37,10000,NULL),(10037,38,10000,100),(10038,39,10000,NULL),(10039,40,10000,NULL),(10040,41,10000,NULL),(10041,42,10000,NULL),(10042,43,10000,65),(10043,44,10000,NULL),(10044,45,10000,NULL),(10045,46,10000,NULL),(10046,47,10000,100),(10047,48,10000,NULL),(10048,49,10000,NULL),(10049,50,10000,100),(10050,51,10000,NULL),(10051,52,10000,100),(11000,1,11000,65),(11001,2,11000,80),(11002,3,11000,0),(11003,4,11000,65),(11004,5,11000,0),(11005,6,11000,0),(11006,7,11000,65),(11007,8,11000,50),(11008,9,11000,65),(11009,10,11000,0),(11010,11,11000,0),(11011,12,11000,0),(11012,13,11000,65),(11013,14,11000,85),(11014,15,11000,100),(11015,16,11000,50),(11016,17,11000,100),(11017,18,11000,81),(11018,19,11000,0),(11019,20,11000,100),(11020,21,11000,0),(11021,22,11000,0),(11022,23,11000,0),(11023,24,11000,0),(11024,25,11000,80),(11025,26,11000,0),(11026,27,11000,0),(11027,28,11000,100),(11028,29,11000,66),(11029,30,11000,80),(11030,31,11000,80),(11031,32,11000,0),(11032,33,11000,20),(11033,34,11000,50),(11034,35,11000,0),(11035,36,11000,0),(11036,37,11000,80),(11037,38,11000,0),(11038,39,11000,80),(11039,40,11000,0),(11040,41,11000,0),(11041,42,11000,50),(11042,43,11000,0),(11043,44,11000,1),(11044,45,11000,0),(11045,46,11000,80),(11046,47,11000,100),(11047,48,11000,100),(11048,49,11000,20),(11049,50,11000,80),(11050,51,11000,66),(11051,52,11000,0),(12000,1,12000,0),(12001,2,12000,0),(12002,3,12000,0),(12003,4,12000,65),(12004,5,12000,0),(12005,6,12000,0),(12006,7,12000,65),(12007,8,12000,0),(12008,9,12000,65),(12009,10,12000,0),(12010,11,12000,0),(12011,12,12000,0),(12012,13,12000,65),(12013,14,12000,85),(12014,15,12000,86),(12015,16,12000,50),(12016,17,12000,86),(12017,18,12000,100),(12018,19,12000,0),(12019,20,12000,100),(12020,21,12000,0),(12021,22,12000,0),(12022,23,12000,0),(12023,24,12000,0),(12024,25,12000,0),(12025,26,12000,0),(12026,27,12000,0),(12027,28,12000,100),(12028,29,12000,65),(12029,30,12000,0),(12030,31,12000,80),(12031,32,12000,0),(12032,33,12000,0),(12033,34,12000,50),(12034,35,12000,80),(12035,36,12000,5),(12036,37,12000,0),(12037,38,12000,0),(12038,39,12000,80),(12039,40,12000,100),(12040,41,12000,0),(12041,42,12000,50),(12042,43,12000,0),(12043,44,12000,3),(12044,45,12000,0),(12045,46,12000,100),(12046,47,12000,65),(12047,48,12000,80),(12048,49,12000,0),(12049,50,12000,80),(12050,51,12000,65),(12051,52,12000,0),(13000,1,13000,0),(13001,2,13000,0),(13002,3,13000,0),(13003,4,13000,65),(13004,5,13000,0),(13005,6,13000,0),(13006,7,13000,65),(13007,8,13000,0),(13008,9,13000,65),(13009,10,13000,0),(13010,11,13000,0),(13011,12,13000,0),(13012,13,13000,65),(13013,14,13000,85),(13014,15,13000,100),(13015,16,13000,50),(13016,17,13000,100),(13017,18,13000,100),(13018,19,13000,0),(13019,20,13000,100),(13020,21,13000,0),(13021,22,13000,0),(13022,23,13000,0),(13023,24,13000,0),(13024,25,13000,0),(13025,26,13000,0),(13026,27,13000,0),(13027,28,13000,100),(13028,29,13000,65),(13029,30,13000,0),(13030,31,13000,80),(13031,32,13000,0),(13032,33,13000,0),(13033,34,13000,50),(13034,35,13000,80),(13035,36,13000,6),(13036,37,13000,50),(13037,38,13000,0),(13038,39,13000,80),(13039,40,13000,0),(13040,41,13000,0),(13041,42,13000,50),(13042,43,13000,0),(13043,44,13000,55),(13044,45,13000,0),(13045,46,13000,65),(13046,47,13000,65),(13047,48,13000,80),(13048,49,13000,0),(13049,50,13000,80),(13050,51,13000,65),(13051,52,13000,65),(14000,1,14000,NULL),(14001,2,14000,NULL),(14002,3,14000,NULL),(14003,4,14000,NULL),(14004,5,14000,NULL),(14005,6,14000,NULL),(14006,7,14000,NULL),(14007,8,14000,NULL),(14008,9,14000,NULL),(14009,10,14000,NULL),(14010,11,14000,NULL),(14011,12,14000,NULL),(14012,13,14000,NULL),(14013,14,14000,NULL),(14014,15,14000,NULL),(14015,16,14000,NULL),(14016,17,14000,NULL),(14017,18,14000,NULL),(14018,19,14000,NULL),(14019,20,14000,NULL),(14020,21,14000,NULL),(14021,22,14000,NULL),(14022,23,14000,NULL),(14023,24,14000,NULL),(14024,25,14000,NULL),(14025,26,14000,NULL),(14026,27,14000,NULL),(14027,28,14000,NULL),(14028,29,14000,NULL),(14029,30,14000,NULL),(14030,31,14000,NULL),(14031,32,14000,NULL),(14032,33,14000,NULL),(14033,34,14000,NULL),(14034,35,14000,NULL),(14035,36,14000,NULL),(14036,37,14000,NULL),(14037,38,14000,NULL),(14038,39,14000,NULL),(14039,40,14000,NULL),(14040,41,14000,NULL),(14041,42,14000,NULL),(14042,43,14000,NULL),(14043,44,14000,NULL),(14044,45,14000,NULL),(14045,46,14000,NULL),(14046,47,14000,NULL),(14047,48,14000,NULL),(14048,49,14000,NULL),(14049,50,14000,NULL),(14050,51,14000,NULL),(14051,52,14000,NULL),(15000,1,15000,NULL),(15001,2,15000,NULL),(15002,3,15000,NULL),(15003,4,15000,NULL),(15004,5,15000,NULL),(15005,6,15000,NULL),(15006,7,15000,NULL),(15007,8,15000,NULL),(15008,9,15000,NULL),(15009,10,15000,NULL),(15010,11,15000,NULL),(15011,12,15000,NULL),(15012,13,15000,NULL),(15013,14,15000,NULL),(15014,15,15000,NULL),(15015,16,15000,NULL),(15016,17,15000,NULL),(15017,18,15000,NULL),(15018,19,15000,NULL),(15019,20,15000,NULL),(15020,21,15000,NULL),(15021,22,15000,NULL),(15022,23,15000,NULL),(15023,24,15000,NULL),(15024,25,15000,NULL),(15025,26,15000,NULL),(15026,27,15000,NULL),(15027,28,15000,NULL),(15028,29,15000,NULL),(15029,30,15000,NULL),(15030,31,15000,NULL),(15031,32,15000,NULL),(15032,33,15000,NULL),(15033,34,15000,NULL),(15034,35,15000,NULL),(15035,36,15000,NULL),(15036,37,15000,NULL),(15037,38,15000,NULL),(15038,39,15000,NULL),(15039,40,15000,NULL),(15040,41,15000,NULL),(15041,42,15000,NULL),(15042,43,15000,NULL),(15043,44,15000,NULL),(15044,45,15000,NULL),(15045,46,15000,NULL),(15046,47,15000,NULL),(15047,48,15000,NULL),(15048,49,15000,NULL),(15049,50,15000,NULL),(15050,51,15000,NULL),(15051,52,15000,NULL),(16000,1,16000,NULL),(16001,2,16000,NULL),(16002,3,16000,NULL),(16003,4,16000,NULL),(16004,5,16000,NULL),(16005,6,16000,NULL),(16006,7,16000,NULL),(16007,8,16000,NULL),(16008,9,16000,NULL),(16009,10,16000,NULL),(16010,11,16000,NULL),(16011,12,16000,NULL),(16012,13,16000,NULL),(16013,14,16000,NULL),(16014,15,16000,NULL),(16015,16,16000,NULL),(16016,17,16000,NULL),(16017,18,16000,NULL),(16018,19,16000,NULL),(16019,20,16000,NULL),(16020,21,16000,NULL),(16021,22,16000,NULL),(16022,23,16000,NULL),(16023,24,16000,NULL),(16024,25,16000,NULL),(16025,26,16000,NULL),(16026,27,16000,NULL),(16027,28,16000,NULL),(16028,29,16000,NULL),(16029,30,16000,NULL),(16030,31,16000,NULL),(16031,32,16000,NULL),(16032,33,16000,NULL),(16033,34,16000,NULL),(16034,35,16000,NULL),(16035,36,16000,NULL),(16036,37,16000,NULL),(16037,38,16000,NULL),(16038,39,16000,NULL),(16039,40,16000,NULL),(16040,41,16000,NULL),(16041,42,16000,NULL),(16042,43,16000,NULL),(16043,44,16000,NULL),(16044,45,16000,NULL),(16045,46,16000,NULL),(16046,47,16000,NULL),(16047,48,16000,NULL),(16048,49,16000,NULL),(16049,50,16000,NULL),(16050,51,16000,NULL),(16051,52,16000,NULL);
/*!40000 ALTER TABLE `mitgliederstatuen` ENABLE KEYS */;
UNLOCK TABLES;

--
-- Table structure for table `mitgliederwettbewerbfarbvarianten`
--

/*!40101 SET @saved_cs_client     = @@character_set_client */;
/*!40101 SET character_set_client = utf8 */;
CREATE TABLE `mitgliederwettbewerbfarbvarianten` (
  `id` int(11) NOT NULL,
  `farbId` int(11) NOT NULL,
  `mitgliederId` int(11) NOT NULL,
  `puzzleteile` varchar(20) DEFAULT '0',
  UNIQUE KEY `mitgliederwettbewerbFarbvariantenindex` (`id`)
);
/*!40101 SET character_set_client = @saved_cs_client */;

--
-- Dumping data for table `mitgliederwettbewerbfarbvarianten`
--

LOCK TABLES `mitgliederwettbewerbfarbvarianten` WRITE;
/*!40000 ALTER TABLE `mitgliederwettbewerbfarbvarianten` DISABLE KEYS */;
INSERT INTO `mitgliederwettbewerbfarbvarianten` VALUES (1000,1,1000,'100'),(1001,2,1000,'100'),(1002,3,1000,'100'),(1003,4,1000,'100'),(1004,5,1000,'100'),(1005,6,1000,'100'),(1006,7,1000,'100'),(1007,8,1000,'100'),(1008,9,1000,'100'),(2000,1,2000,'100'),(2001,2,2000,'100'),(2002,3,2000,'100'),(2003,4,2000,'100'),(2004,5,2000,'100'),(2005,6,2000,'100'),(2006,7,2000,'100'),(2007,8,2000,'100'),(2008,9,2000,'100'),(3000,1,3000,'100'),(3001,2,3000,'100'),(3002,3,3000,'100'),(3003,4,3000,'100'),(3004,5,3000,'100'),(3005,6,3000,'100'),(3006,7,3000,'100'),(3007,8,3000,'100'),(3008,9,3000,'100'),(4000,1,4000,'100'),(4001,2,4000,'100'),(4002,3,4000,'100'),(4003,4,4000,'100'),(4004,5,4000,'100'),(4005,6,4000,'100'),(4006,7,4000,'100'),(4007,8,4000,'100'),(4008,9,4000,'100'),(5000,1,5000,'100'),(5001,2,5000,'100'),(5002,3,5000,'100'),(5003,4,5000,'100'),(5004,5,5000,'100'),(5005,6,5000,'100'),(5006,7,5000,'100'),(5007,8,5000,'100'),(5008,9,5000,'100'),(6000,1,6000,'100'),(6001,2,6000,'100'),(6002,3,6000,'100'),(6003,4,6000,'100'),(6004,5,6000,'100'),(6005,6,6000,'100'),(6006,7,6000,'100'),(6007,8,6000,'100'),(6008,9,6000,'100'),(7000,1,7000,'100'),(7001,2,7000,'100'),(7002,3,7000,'100'),(7003,4,7000,'0'),(7004,5,7000,'100'),(7005,6,7000,'100'),(7006,7,7000,'100'),(7007,8,7000,'100'),(7008,9,7000,'100'),(8000,1,8000,'0'),(8001,2,8000,'100'),(8002,3,8000,'100'),(8003,4,8000,'0'),(8004,5,8000,'100'),(8005,6,8000,'0'),(8006,7,8000,'100'),(8007,8,8000,'100'),(8008,9,8000,'100'),(9000,1,9000,'100'),(9001,2,9000,'0'),(9002,3,9000,'100'),(9003,4,9000,'100'),(9004,5,9000,'100'),(9005,6,9000,'0'),(9006,7,9000,'100'),(9007,8,9000,'100'),(9008,9,9000,'100'),(10000,1,10000,'100'),(10001,2,10000,'0'),(10002,3,10000,'100'),(10003,4,10000,'100'),(10004,5,10000,'0'),(10005,6,10000,'0'),(10006,7,10000,'100'),(10007,8,10000,'100'),(10008,9,10000,'100'),(11000,1,11000,'100'),(11001,2,11000,'100'),(11002,3,11000,'100'),(11003,4,11000,'90'),(11004,5,11000,'0'),(11005,6,11000,'90'),(11006,7,11000,'100'),(11007,8,11000,'0'),(11008,9,11000,'100'),(12000,1,12000,'100'),(12001,2,12000,'100'),(12002,3,12000,'100'),(12003,4,12000,'100'),(12004,5,12000,'0'),(12005,6,12000,'100'),(12006,7,12000,'100'),(12007,8,12000,'100'),(12008,9,12000,'100'),(13000,1,13000,'100'),(13001,2,13000,'100'),(13002,3,13000,'100'),(13003,4,13000,'100'),(13004,5,13000,'0'),(13005,6,13000,'100'),(13006,7,13000,'100'),(13007,8,13000,'100'),(13008,9,13000,'100'),(14000,1,14000,'66'),(14001,2,14000,'100'),(14002,3,14000,'100'),(14003,4,14000,'100'),(14004,5,14000,'100'),(14005,6,14000,'16'),(14006,7,14000,'100'),(14007,8,14000,'100'),(14008,9,14000,'100'),(15000,1,15000,'0'),(15001,2,15000,'100'),(15002,3,15000,'0'),(15003,4,15000,'0'),(15004,5,15000,'100'),(15005,6,15000,'0'),(15006,7,15000,'0'),(15007,8,15000,'0'),(15008,9,15000,'0'),(16000,1,16000,NULL),(16001,2,16000,NULL),(16002,3,16000,NULL),(16003,4,16000,NULL),(16004,5,16000,NULL),(16005,6,16000,NULL),(16006,7,16000,NULL),(16007,8,16000,NULL),(16008,9,16000,NULL);
/*!40000 ALTER TABLE `mitgliederwettbewerbfarbvarianten` ENABLE KEYS */;
UNLOCK TABLES;

--
-- Table structure for table `preisart`
--

/*!40101 SET @saved_cs_client     = @@character_set_client */;
/*!40101 SET character_set_client = utf8 */;
CREATE TABLE `preisart` (
  `id` int(11) NOT NULL,
  `name` varchar(50) NOT NULL,
  `nameen` varchar(50) DEFAULT NULL,
  `bild` varchar(50) DEFAULT NULL,
  UNIQUE KEY `preisartindex` (`id`)
);
/*!40101 SET character_set_client = @saved_cs_client */;

--
-- Dumping data for table `preisart`
--

LOCK TABLES `preisart` WRITE;
/*!40000 ALTER TABLE `preisart` DISABLE KEYS */;
INSERT INTO `preisart` VALUES (1,'Zoo-Dollar','zoo dollar','zoodollar.webp'),(2,'Diamanten','diamonds','diamant.webp');
/*!40000 ALTER TABLE `preisart` ENABLE KEYS */;
UNLOCK TABLES;

--
-- Table structure for table `tiere`
--

/*!40101 SET @saved_cs_client     = @@character_set_client */;
/*!40101 SET character_set_client = utf8 */;
CREATE TABLE `tiere` (
  `id` int(11) NOT NULL,
  `name` varchar(50) NOT NULL,
  `nameEn` varchar(50) DEFAULT NULL,
  `gehegeId` int(11) NOT NULL,
  `spielgeraetId` int(11) DEFAULT NULL,
  `stalllevel` int(11) DEFAULT NULL,
  `preis` int(11) DEFAULT NULL,
  `preisartId` int(11) DEFAULT NULL,
  `zuchtkosten` int(11) DEFAULT NULL,
  `zuchtdauer` int(11) DEFAULT NULL,
  `startprozent` int(11) DEFAULT NULL,
  `platzbedarf` int(11) DEFAULT NULL,
  `anzahlbasis` int(11) DEFAULT NULL,
  `anzahlmax` int(11) DEFAULT NULL,
  `xpfuettern` int(11) DEFAULT 0,
  `xpspielen` int(11) DEFAULT 0,
  `xpputzen` int(11) DEFAULT 0,
  `popularitaet` int(11) DEFAULT NULL,
  `verkaufswert` int(11) DEFAULT NULL,
  `auswildern` int(11) DEFAULT NULL,
  `release` varchar(10) DEFAULT NULL,
  `bild` varchar(255) DEFAULT NULL,
  UNIQUE KEY `tiereindex` (`id`)
);
/*!40101 SET character_set_client = @saved_cs_client */;

--
-- Dumping data for table `tiere`
--

LOCK TABLES `tiere` WRITE;
/*!40000 ALTER TABLE `tiere` DISABLE KEYS */;
INSERT INTO `tiere` VALUES (101,'Achal-Tekkiner','Akhal-Teke',100,101,1,80,2,4800,12,3,64,2,8,243,363,121,800,8000,800,'17.06.2024','achal-tekkiner.jpg'),(102,'Angorakaninchen','Angora Rabbit',100,103,3,95,2,7600,13,4,24,6,12,NULL,NULL,NULL,950,9500,950,'19.12.2023','angorakaninchen.jpg'),(103,'Biber','Beaver',100,102,3,145000,1,6000,14,3,45,3,8,98,292,195,1000,29000,2900,'19.11.2019','biber.jpg'),(104,'Blaufußtölpel','Blue-Footed Booby',100,102,3,75,2,6000,12,4,40,3,10,83,165,247,750,7500,750,'04.07.2023','blaufußtoelpel.jpg'),(105,'Damhirsch','Fallow Deer',100,102,3,80,2,4800,12,3,85,1,8,495,743,248,800,8000,800,'23.03.2021','damhirsch.jpg'),(106,'Großer Pampashase','Patagonian Mara',100,105,3,75,2,6000,12,4,55,2,10,173,87,260,750,7500,750,'07.04.2020','großer-pampashase.jpg'),(107,'Großer Panda','Giant Panda',100,104,3,6250,1,1750,5,7,64,2,6,60,40,20,125,1250,125,'16.04.2018','großer-panda.jpg'),(108,'Hase','Rabbit',100,103,0,1000,1,1000,2,25,32,4,12,8,3,6,20,200,20,'16.04.2018','hase.jpg'),(109,'Hausschwein','Domestic Pig',100,101,2,10,2,1800,4,9,60,2,8,6,12,18,100,1000,100,'16.04.2018','hausschwein.jpg'),(110,'Hausziege','Domestic Goat',100,103,0,1500,1,960,2,16,42,3,8,4,8,12,30,300,30,'16.04.2018','hausziege.jpg'),(111,'Husarenaffe','Patas Monkey',100,102,3,100,2,6000,14,3,65,2,8,353,118,235,1000,10000,1000,'18.02.2020','husarenaffe.jpg'),(112,'Jaguarundi','Jaguarundi',100,104,3,75,2,4500,12,3,90,1,9,428,143,285,750,7500,750,'29.07.2020','jaguarundi.jpg'),(113,'Klunkerkranich','Wattled Crane',100,102,2,85,2,5100,13,3,35,4,8,150,224,75,850,8500,850,'09.04.2024','klunkerkranich.jpg'),(114,'Kurzschnabeligel','Short-Beaked Echidna',100,102,2,50,2,4000,6,4,35,4,10,55,83,28,500,5000,500,'30.07.2022','kurzschnabeligel.jpg'),(115,'Lippenbär','Sloth Bear',100,104,2,95,2,3800,13,2,83,1,5,129,388,259,950,9500,950,'08.06.2021','lippenbaer.jpg'),(116,'Löffler','Roseate Spoonbill',100,102,2,76,2,4560,12,3,65,2,8,124,186,62,760,7600,760,'11.02.2021','loeffler.jpg'),(117,'Mähnenwolf','Maned Wolf',100,104,3,110,2,6600,14,3,70,2,8,149,448,299,1100,11000,1100,'25.02.2020','maehnenwolf.jpg'),(118,'Mandschurenkranich','Red-Crowned Crane',100,102,2,90,2,5400,13,3,60,2,8,371,556,185,900,9000,900,'15.05.2020','mandschurenkranich.jpg'),(119,'Nasenbär','Coati',100,103,2,105,2,6300,14,3,50,2,7,94,140,47,1050,10500,1050,'10.10.2018','nasenbaer.jpg'),(120,'Nilgauantilope','Nilgai',100,105,3,110,2,6600,14,3,65,2,8,103,309,206,1100,11000,1100,'03.08.2022','nilgauantilope.jpg'),(121,'Nilwaran','Nile Monitor',100,102,2,95,2,4800,15,2,60,2,6,325,974,650,1200,12000,1200,'12.04.2022','nilwaran.jpg'),(122,'Östliche Graseule','Eastern Grass Owl',100,103,3,70,2,4200,12,3,80,1,8,56,111,167,700,7000,700,'16.07.2019','oestliche-graseule.jpg'),(123,'Panzernashorn','Indian Rhinoceros',100,101,3,90,2,3600,13,2,100,1,4,319,213,107,900,9000,900,'30.08.2022','panzernashorn.jpg'),(124,'Pferd','Horse',100,105,2,2500,1,1100,3,11,64,2,6,7,20,14,50,500,50,'16.04.2018','pferd.jpg'),(125,'Poitou-Esel','Poitou Donkey',100,104,1,60,2,3600,11,3,65,2,6,159,319,477,600,6000,600,'09.12.2021','poitou-esel.jpg'),(126,'Riesenkaninchen','Giant Rabbit',100,105,3,45,2,4500,9,5,25,5,12,42,83,124,450,4500,450,'20.03.2024','riesenkaninchen.jpg'),(127,'Rohrkatze','Jungle Cat',100,102,3,84,2,5040,13,3,60,2,8,406,203,609,840,840,840,'01.06.2022','rohrkatze.jpg'),(128,'Schaf','Sheep',100,105,0,1500,1,2100,5,7,55,2,8,20,10,30,150,1500,150,'16.04.2018','schaf.jpg'),(129,'Schnappschildkröte','Alligator Snapping Turtle',100,102,3,105,2,4200,14,2,55,2,6,96,138,46,1050,10500,1050,'30.04.2019','schnappschildkroete.jpg'),(130,'Schottisches Hochlandrind','Highland Cattle',100,101,1,95,2,5700,13,3,70,2,8,224,336,112,950,9500,950,'02.07.2024','schottisches-hochlandrind.jpg'),(131,'Schuhschnabel','Shoebill',100,102,2,66,2,3960,11,3,60,2,8,415,277,139,660,6600,660,'29.09.2020','schuhschnabel.jpg'),(132,'Schwan','Swan',100,102,2,95,2,5700,13,3,60,2,6,45,132,88,950,9500,950,'15.02.2019','schwan.jpg'),(133,'Shetlandpony','Shetland Pony',100,105,3,59,2,4720,11,4,70,2,10,61,183,122,590,5900,590,'21.06.2023','shetlandpony.jpg'),(134,'Stachelibis','Straw-Necked Ibis',100,102,3,100,2,4800,12,3,45,3,8,69,137,206,800,10000,1000,'24.04.2024','stachelibis.jpg'),(135,'Suedafrika-Kronenkranich','Gray-Crowned Crane',100,102,3,72,2,5760,12,4,40,3,10,156,235,79,720,7200,720,'22.06.2023','suedafrika-kronenkranich.jpg'),(136,'Tapir','Tapir',100,101,3,115,2,6900,15,3,60,2,8,47,139,93,1150,11500,1150,'16.04.2018','tapir.jpg'),(137,'Waldrapp','Northern Bald Ibis',100,105,1,335000,1,5760,12,4,50,2,10,200,300,101,720,67000,6700,'21.12.2022','waldrapp.jpg'),(138,'Waschbär','Raccoon',100,103,1,38,2,3040,8,4,42,3,7,24,47,70,380,3800,380,'29.05.2018','waschbaer.jpg'),(139,'Weißstorch','White Stork',100,105,1,60,2,3600,11,3,60,2,6,37,117,74,600,6000,600,'29.10.2019','weissstorch.jpg'),(140,'Wasserkudu','Sitatunga',100,102,3,65,2,5200,11,4,60,2,6,0,0,0,650,6500,650,'30.07.2024','wasserkudu.jpg'),(201,'Adlerbussard','Long-Legged Buzzard',200,201,3,70,2,5600,12,4,35,4,10,182,273,91,700,7000,700,'16.01.2024','adlerbussard.jpg'),(202,'Amerikanischer Bison','American Bison',200,202,3,55000,1,4400,14,2,90,1,5,68,202,135,1100,11000,1100,'16.04.2018','amerikanischer-bison.jpg'),(203,'Andenfuchs','Culpeo',200,202,3,80,2,6400,12,4,50,2,10,NULL,NULL,NULL,800,8000,800,'19.06.2023','andenfuchs.jpg'),(204,'Angoraziege','Angora Goat',200,202,3,90,2,7200,13,4,42,3,12,187,281,94,900,9000,900,'17.06.2024','angoraziege.jpg'),(205,'Bongo Antilope','Bongo Antelope',200,202,2,105,2,5460,6,2,50,2,6,98,147,49,1050,10500,1050,'09.07.2019','bongo-antilope.jpg'),(206,'Capybara','Capybara',200,202,3,47,2,3720,9,4,55,2,7,27,81,54,465,4650,465,'05.02.2019','capybara.jpg'),(207,'Dikdik','Dikdik',200,202,3,75,2,6000,12,4,45,3,10,186,62,124,750,7500,750,'12.02.2020','dikdik.jpg'),(208,'Emu','Emu',200,201,3,77,2,4620,12,3,64,2,8,369,246,123,770,7700,770,'31.10.2021','emu.jpg'),(209,'Erdwolf','Aardwolf',200,202,2,96,2,5760,13,3,70,2,8,153,305,457,960,9600,960,'23.01.2020','erdwolf.jpg'),(210,'Ferkelskunk','American Hog-Nosed Skunk',200,202,1,85,2,5100,13,3,50,2,8,717,239,478,850,8500,850,'26.10.2021','ferkelskunk.jpg'),(211,'Flamingo','Flamingo',200,202,2,35,2,3500,8,5,60,2,10,46,31,16,350,3500,350,'16.04.2018','flamingo.jpg'),(212,'Gabelbock','Pronghorn',200,201,2,110,2,4400,14,2,66,2,6,102,203,203,1100,11000,1100,'04.03.2021','gabelbock.jpg'),(213,'Gepard','Cheetah',200,201,3,120,2,4800,13,2,100,1,6,190,379,569,1200,12000,1200,'27.10.2020','gepard.jpg'),(214,'Goldfasan','Golden Pheasant',200,201,2,45,2,3600,9,4,55,2,7,77,52,26,450,4500,450,'16.04.2019','goldfasan.jpg'),(215,'Grevyzebra','Grévys Zebra',200,201,2,105,2,6300,14,3,70,2,7,200,101,300,1050,10500,1050,'14.03.2023','grevyzebra.jpg'),(216,'Gürteltier','Armadillo',200,202,3,25000,1,3300,10,3,55,2,6,72,108,36,500,5000,500,'16.04.2018','guerteltier.jpg'),(217,'Halsbandpekari','Collared Peccary',200,202,2,270000,1,6000,12,4,60,2,10,116,231,231,750,54000,5400,'19.05.2020','halsbandpekari.jpg'),(218,'Hirschziegenantilope','Blackbuck',200,202,0,85,2,6800,13,4,80,1,12,121,242,362,850,8500,850,'15.03.2022','hirschziegenantilope.jpg'),(219,'Karakal','Caracal',200,201,3,85,2,5100,13,3,60,2,6,230,77,153,850,8500,850,'10.11.2020','karakal.jpg'),(220,'Katzenfrett','Ringtail',200,202,3,96,2,3900,14,2,40,3,6,213,142,71,975,9750,975,'23.04.2019','katzenfrett.jpg'),(221,'Lama','Llama',200,202,2,78,2,5040,13,3,50,2,8,88,262,175,780,7800,780,'01.09.2020','lama.jpg'),(222,'Massai-Giraffe','Masai Giraffe',200,201,3,100,2,6000,14,3,100,1,8,450,150,300,1000,10000,1000,'18.07.2023','massai-giraffe.jpg'),(223,'Oryxantilope','Oryx',200,201,2,95,2,5700,13,3,66,2,6,242,363,121,950,9500,950,'12.05.2020','oryxantilope.jpg'),(224,'Pfau','Peafowl',200,201,0,4000,1,1440,4,9,55,2,6,24,36,12,80,800,80,'16.04.2018','pfau.jpg'),(225,'Quokka','Quokka',200,202,1,90,2,5400,13,3,45,3,8,101,51,151,900,9000,900,'02.07.2019','quokka.jpg'),(226,'Rentier','Reindeer',200,202,1,105,2,4200,14,2,50,2,6,142,48,95,1050,10500,1050,'06.12.2018','rentier.jpg'),(227,'Riesenschildkröte','Giant Tortoise',200,201,1,6000,1,1680,5,7,55,2,6,10,28,19,120,1200,120,'16.04.2018','riesenschildkroete.jpg'),(228,'Rosada-Drusenkopf','Galápagos Pink Land Iguana',200,202,3,77,2,4620,12,3,60,2,8,213,319,107,770,7700,770,'29.08.2023','rosada-drusenkopf.jpg'),(229,'Rotes Riesenkänguru','Red Kangaroo',200,201,1,9000,1,2520,6,7,60,2,8,33,11,22,180,1800,180,'16.04.2018','rotes-riesenkaenguru.jpg'),(230,'Saigaantilope','Saiga Antelope',200,202,2,88,2,5280,13,3,75,1,8,130,195,65,880,8800,880,'22.03.2022','saigaantilope.jpg'),(231,'Schwarzfußkatze','Black-Footed Cat',200,202,3,65,2,5200,11,4,35,4,12,78,233,155,650,6500,650,'06.06.2023','schwarzfußkatze.jpg'),(232,'Sekretär','Secretarybird',200,201,2,55000,1,4400,14,2,65,2,6,95,285,190,1100,11000,1100,'16.04.2018','sekretaer.jpg'),(233,'Serval','Serval',200,201,3,90,2,5400,13,3,80,1,6,89,178,266,900,9000,900,'04.05.2021','serval.jpg'),(234,'Silberdachs','American Badger',200,202,3,77,2,4620,12,3,60,2,8,NULL,NULL,NULL,770,7700,770,'16.02.2021','silberdachs.jpg'),(235,'Silberner Riesengalago','Silvery Greater Galago',200,201,3,90,2,5400,13,3,50,2,8,759,253,507,900,9000,900,'21.12.2021','silberner-riesengalago.jpg'),(236,'Steppenschuppentier','Ground Pangolin',200,202,3,84,2,5040,13,3,60,2,6,97,291,194,840,8400,840,'27.09.2022','steppenschuppentier.jpg'),(237,'Steppenzebra','Plains Zebra',200,202,2,30,2,2400,8,4,64,2,6,64,43,22,300,3000,300,'16.04.2018','steppenzebra.jpg'),(238,'Streifenschakal','Side-Striped Jackal',200,202,3,75,2,6000,12,4,70,2,10,291,97,194,750,7500,750,'21.10.2022','streifenschakal.jpg'),(239,'Tigeriltis','Marbled Polecat',200,202,3,85,2,5100,13,3,37,3,6,319,159,477,850,8500,850,'06.05.2020','tigeriltis.jpg'),(240,'Zwergflamingo','Lesser Flamingo',200,202,2,65,2,6500,11,5,40,3,14,36,71,106,650,6500,650,'07.02.2023','zwergflamingo.jpg'),(241,'Drusenkopf','Galapagos Land Iguana',200,201,2,85,2,5100,13,3,50,2,8,260,173,87,850,8500,850,'22.10.2024','drusenkopf.jpg'),(301,'Afrikanische Goldkatze','African Golden Cat',300,303,3,98,2,3920,14,2,80,1,6,462,154,308,980,9800,980,'31.08.2021','afrikanische-goldkatze.jpg'),(302,'Australische Gespenstfledermaus','Ghost Bat',300,302,3,74,2,5920,12,4,20,7,12,405,270,135,740,7400,740,'11.04.2023','australische-gespensterfledermaus.jpg'),(303,'Blauer Leguan','Blue Iguana',300,302,1,88,2,6800,13,4,50,2,12,336,112,224,850,8500,850,'09.04.2024','blauer-leguan.jpg'),(304,'Blauschopf Krontaube','Western Crowned Pigeon',300,303,1,36000,1,4320,12,3,85,1,7,138,69,207,720,9000,900,'28.05.2019','blauschopf-krontaube.jpg'),(305,'Brillenbär','Spectacled Bear',300,303,3,100,2,6000,14,3,80,1,10,NULL,NULL,NULL,1000,10000,1000,'10.10.2023','brillenbaer.jpg'),(306,'Brillenschlange','Indian Cobra',300,301,3,72,2,4320,12,3,45,3,6,99,298,199,720,7200,720,'05.06.2023','brillenschlange.jpg'),(307,'Diamantfasan','Lady Amhersts Pheasant',300,303,2,120,2,7200,15,3,35,4,10,113,225,337,1200,12000,1200,'04.06.2024','diamantfasan.jpg'),(308,'Elch','Moose',300,303,2,20000,1,3200,9,4,90,1,5,108,36,72,400,4000,400,'16.042.018','elch.jpg'),(309,'Europäische Wildkatze','European Wildcat',300,302,2,60,2,4800,11,4,40,3,8,78,155,233,600,6000,600,'01.10.2023','europaeische-wildkatze.jpg'),(310,'Europäischer Dachs','European Badger',300,302,2,52500,1,4200,14,2,50,2,6,134,170,201,1050,13000,1300,'16.04.2018','europaeischer-dachs.jpg'),(311,'Europäisches Reh','Roe Deer',300,302,2,72,2,5760,12,4,50,2,10,69,35,103,720,7200,720,'07.12.2022','europaeisches-reh.jpg'),(312,'Fischkatze','Fishing Cat',300,301,3,85,2,5100,13,3,80,1,8,375,126,250,850,8500,850,'16.04.2018','fischkatze.jpg'),(313,'Fleckenroller','Owstons Palm Civet',300,302,2,74,2,4920,12,3,40,3,6,40,118,79,740,7400,740,'07.05.2019','fleckenroller.jpg'),(314,'Gelbhauben Kakadu','Sulphur-Crested Cockatoo',300,301,3,95,2,5700,13,3,55,2,7,118,79,40,950,9500,950,'28.08.2018','gelbhauben-kakadu.jpg'),(315,'Ginsterkatze','Common Genet',300,302,2,85,2,5100,13,3,35,4,8,369,246,123,850,8500,850,'14.01.2023','ginsterkatze.jpg'),(316,'Goodfellow-Baumkänguru','Goodfellow Tree Kangaroo',300,301,1,62,2,5520,11,3,60,2,6,104,35,69,620,6200,620,'25.06.2019','goodfellow-baumkaenguru.jpg'),(317,'Großer Paradiesvogel','Greater Bird-of-Paradise',300,301,2,105,2,4200,14,2,85,1,6,629,314,943,1050,10500,1050,'17.08.2021','großer-paradiesvogel.jpg'),(318,'Helmhornvogel','Knobbed Hornbill',300,303,2,96,2,5340,13,3,65,2,8,NULL,NULL,NULL,890,8900,890,'22.03.2022','helmhornvogel.jpg'),(319,'Hübschgesichtwallaby','Whiptail Wallaby',300,302,1,92,2,5520,13,3,60,2,8,304,203,102,920,9200,920,'03.08.2021','huebschgesichtwallaby.jpg'),(320,'Indische Sternschildkröte','Indian Star Tortoise',300,302,3,81,2,4860,12,3,45,3,8,250,126,375,810,8100,810,'17.01.2023','indische-sternschildkroete.jpg'),(321,'Kiwi','Kiwi',300,302,2,65,2,5200,11,4,45,3,12,36,72,108,650,6500,650,'23.03.2021','kiwi.jpg'),(322,'Koala','Koala',300,302,1,10000,1,2400,6,6,55,2,8,26,39,13,200,2000,200,'16.04.2018','koala.jpg'),(323,'Kusu','Brushtail Possum',300,303,3,80,2,4800,12,3,60,2,8,93,185,278,800,8000,800,'14.04.2020','kusu.jpg'),(324,'Mondbär','Moon Bear',300,303,3,125,2,5000,15,2,85,1,5,70,139,209,1250,12500,1250,'16.04.2018','mondbaer.jpg'),(325,'Nordopossum','Virginia Opossum',300,303,1,79,2,6320,12,4,45,3,10,166,332,497,790,7900,790,'18.01.2022','nordopossum.jpg'),(326,'Okapi','Okapi',300,302,1,83,2,4950,12,3,64,2,6,153,102,51,825,8300,830,'30.04.2019','okapi.jpg'),(327,'Pinselohrschwein','Red River Hog',300,303,2,65000,1,5200,11,4,65,2,10,128,85,43,650,6500,650,'15.04.2021','pinselohrschwein.jpg'),(328,'Roter Brüllaffe','Howler Monkey',300,301,3,80,2,4800,12,3,70,2,8,537,180,358,800,8000,800,'13.10.2020','roter-bruellaffe.jpg'),(329,'Roter Panda','Red Panda',300,301,3,70,2,2800,12,2,42,3,4,169,113,57,700,7000,700,'16.04.2018','roter-panda.jpg'),(330,'Roter Vari','Red-Ruffed Lemur',300,302,2,125,2,5000,15,2,42,3,6,120,60,179,1250,12500,1250,'18.12.2018','roter-vari.jpg'),(331,'Rotfuchs','Red Fox',300,303,2,15000,1,2400,8,4,42,3,6,24,48,72,300,3000,300,'16.04.2018','rotfuchs.jpg'),(332,'Schimpanse','Chimpanzee',300,301,0,20,2,2400,6,6,64,2,8,16,8,24,200,2000,200,'16.04.2018','schimpanse.jpg'),(333,'Sumatra-Naßhorn','Sumatran Rhinoceros',300,302,3,110,2,6600,14,3,60,2,8,393,131,261,1100,11000,1100,'13.02.2024','sumatra-naßhorn.jpg'),(334,'Tanuki','Tanuki',300,303,1,82,2,4440,12,3,77,1,8,75,149,223,820,8200,820,'30.03.2021','tanuki.jpg'),(335,'Tasmanischer Teufel','Tasmanian Devil',300,302,2,80,2,4800,12,3,50,2,6,300,901,601,800,8000,800,'21.12.2021','tasmanischer-teufel.jpg'),(336,'Totenkopfäffchen','Squirrel Monkey',300,301,2,82,2,4920,12,3,45,3,8,100,299,199,820,8200,820,'27.10.2020','totenkopfaeffchen.jpg'),(337,'Tundrawolf','Tundra Wolf',300,302,3,70,2,4200,12,3,64,2,6,43,85,127,700,7000,700,'14.06.2018','tundrawolf.jpg'),(338,'Urson','Canadian Porcupine',300,303,1,82,2,4920,12,3,45,3,8,275,550,824,820,8200,820,'12.04.2022','urson.jpg'),(339,'Waldhund','Bush Dog',300,302,3,100,2,4000,14,2,62,2,6,190,285,95,1000,10000,1000,'22.12.2020','waldhund.jpg'),(340,'Wildschwein','Wild Boar',300,302,1,25,2,3000,6,6,60,2,8,12,24,36,250,2500,250,'16.04.2018','wildschwein.jpg'),(341,'Zebraducker','Zebra Duiker',300,303,3,90,2,7200,13,4,50,2,12,88,174,261,900,9000,900,'19.06.2023','zebraducker.jpg'),(342,'Amerikanischer Schwarzbär','American Black Bear',300,303,3,75,2,4500,12,3,85,1,6,127,254,381,750,7500,750,'17.10.2024','amerikanischer-schwarzbaer.jpg'),(343,'Schwarzstorch','Black Stork',300,303,2,70,2,4200,12,3,55,2,6,168,252,84,700,7000,700,'24.09.2024','schwarzstorch.jpg'),(401,'Afrikanischer Esel','African wild ass',400,401,3,62500,1,5000,15,2,64,2,7,109,163,54,1250,12500,1250,'16.04.2018','afrikanischer-esel.jpg'),(402,'Alpaka','Alpaca',400,402,2,40000,1,4000,12,3,42,3,8,103,69,35,800,8000,800,'16.04.2018','alpaka.jpg'),(403,'Alpenmurmeltier','Alpen Marmot',400,402,2,100,2,4800,12,3,40,3,8,631,947,316,800,8000,800,'22.11.2022','alpenmurmeltier.jpg'),(404,'Alpensteinbock','Alpine Ibex',400,402,1,55,2,4400,10,4,50,2,7,85,29,57,550,5500,550,'25.09.2018','alpensteinbock.jpg'),(405,'Andenkondor','Anden Condor',400,402,3,100,2,4000,4,2,60,2,5,757,380,1136,1000,10000,1000,'22.11.2022','andenkondor.jpg'),(406,'Argali','Argali',400,402,3,550000,2,5100,13,3,70,2,8,366,183,550,850,110000,11000,'13.06.2024','argali.jpg'),(407,'Äthiopischer Wolf','Ethiopian Wolfe',400,402,1,68,2,4080,11,3,50,2,8,254,381,127,680,6800,680,'14.03.2023','aethiopischer-wolf.jpg'),(408,'Bartgeier','Bearded Vulture',400,401,2,91,2,5460,13,3,75,1,6,170,338,507,910,9100,910,'01.09.2020','bartgeier.jpg'),(409,'Baumstachler','Mexican Tree Porcupine',400,402,3,100,2,4000,14,2,55,2,6,289,433,145,1000,10000,1000,'06.07.2021','baumstachler.jpg'),(410,'Bergnyala','Mountain Nyala',400,402,2,63,2,3780,11,3,50,2,6,95,190,285,630,6300,630,'08.05.2024','bergnyala.jpg'),(411,'Falklandkaraka','Striated Caracara',400,402,3,100,2,5460,13,2,40,3,6,400,600,200,1000,10000,1000,'19.06.2023','falklandkaraka.jpg'),(412,'Fleckenskunk','Spotted Skunk',400,401,3,90,2,5400,13,3,45,3,9,190,284,95,900,9000,900,'12.03.2020','fleckenskunk.jpg'),(413,'Gewöhnliches Stachelschwein','Crested Porcupine',400,402,3,85,2,7200,13,3,55,2,8,288,192,97,850,8500,850,'17.03.2020','gewoehnliches-stachelschwein.jpg'),(414,'Goldstumpfnase','Golden Snub-Nosed Monkey',400,401,3,75,2,6000,12,4,45,3,10,602,201,201,750,7500,750,'28.09.2021','goldstumpfnase.jpg'),(415,'Goldtakin','Golden Takin',400,401,3,83,2,3300,15,2,85,1,5,147,49,98,825,8250,825,'04.02.2020','goldtakin.jpg'),(416,'Hermelin','Stoat',400,402,3,105,2,6300,14,3,37,3,8,44,87,131,1050,10500,1050,'03.09.2019','hermelin.jpg'),(417,'Katta','Ring-Tailed Lemur',400,401,2,75,2,6000,12,4,45,3,10,124,42,83,750,7500,750,'03.09.2019','katta.jpg'),(418,'Kodiakbär','Kodiak Bear',400,401,0,12000,1,2400,7,5,90,1,6,27,55,82,240,2400,240,'16.04.2018','kodiakbaer.jpg'),(419,'Leopard','Leopard',400,402,2,85,2,5100,13,3,90,1,6,107,212,317,850,8500,850,'12.06.2018','leopard.jpg'),(420,'Luchs','Lynx',400,402,1,22500,1,2700,9,3,64,2,4,99,50,148,450,4500,450,'16.04.2018','luchs.jpg'),(421,'Manul','Manul',400,402,3,75,2,4500,12,3,60,2,8,192,384,575,750,7500,750,'22.12.2020','manul.jpg'),(422,'Nacktnasenwombat','Common Womba',400,401,2,80,2,4800,12,3,45,3,8,77,152,228,800,8000,800,'21.01.2020','nacktnasenwombat.jpg'),(423,'Ozelot','Ocelot',400,401,1,68,2,4050,11,3,90,1,8,65,130,195,675,6800,680,'28.06.2019','ozelot.jpg'),(424,'Pavian','Baboon',400,401,3,45000,1,5400,13,3,64,2,8,74,37,111,900,9000,900,'16.04.2018','pavian.jpg'),(425,'Puma','Cougar',400,401,3,110,2,4400,14,2,80,1,6,211,317,106,1100,11000,1100,'16.05.2021','puma.jpg'),(426,'Riesenturako','Great Blue Turaco',400,402,1,84,2,5040,13,3,80,1,8,325,109,217,840,8400,840,'11.05.2022','riesenturako.jpg'),(427,'Rothund','Dhole',400,401,1,95,2,5700,13,3,64,2,6,238,356,119,950,9500,950,'11.05.2021','rothund.jpg'),(428,'Walliser Schwarznasenschaf','Valais Blacknose',400,402,1,72,2,4000,14,4,50,2,10,450,150,301,720,7200,720,'06.04.2022','walliser-schwarznasenschaf.jpg'),(429,'Wapiti','Wapiti',400,402,2,98,2,3920,14,2,80,1,6,117,233,350,980,9800,980,'19.01.2021','wapiti.jpg'),(430,'Weißkopfseeadler','Bald Eagle',400,401,1,18000,1,2160,8,3,90,1,4,41,122,81,360,3600,360,'16.04.2018','weisskopfseeadler.jpg'),(431,'Wolf','Wolf',400,402,2,30000,1,4800,11,4,64,2,8,30,59,88,600,6000,600,'16.04.2018','wolf.jpg'),(501,'Afrikanische Zibetkatze','African Civet',500,504,3,80,2,4800,12,3,45,3,6,438,146,292,800,8000,800,'12.05.2020','afrikanische-zibetkatze.jpg'),(502,'Afrikanischer Elefant','African Elephant',500,503,3,120,2,4800,15,2,100,1,6,55,109,163,1200,12000,1200,'16.04.2018','afrikanischer-elefant.jpg'),(503,'Afrikanischer Strauß','Common Ostrich',500,501,1,50,2,4000,10,4,64,2,8,47,71,24,500,5000,500,'16.04.2018','afrikanischer-strauß.jpg'),(504,'Afrikanischer Weissrückengeier','White-Backed Vulture',500,502,2,50,2,3000,10,3,50,2,6,81,54,27,500,5000,500,'05.06.2024','afrikanischer-weissrueckengeier.jpg'),(505,'Afrikanischer Wildhund','African Wild Dog',500,501,2,120,2,4800,15,2,64,2,8,168,112,56,1200,12000,1200,'05.03.2019','afrikanischer-wildhund.jpg'),(506,'Breitmaulnashorn','White Rhinoceros',500,502,3,90,2,3600,13,2,100,1,4,132,198,67,900,9000,900,'16.04.2018','breitmaulnashorn.jpg'),(507,'Chaco-Pekari','Chacoan Peccary',500,503,3,63,2,5040,11,4,40,3,10,132,198,66,630,6300,630,'06.09.2023','chaco-pekari.jpg'),(508,'Dromedar','Dromedary',500,502,3,70,2,4200,12,3,50,2,6,470,706,236,700,7000,700,'17.08.2021','dromedar.jpg'),(509,'Erdferkel','Aardvark',500,503,1,75,2,4500,12,3,45,3,8,164,55,109,750,7500,750,'02.04.2019','erdferkel.jpg'),(510,'Erdmännchen','Meerkat',500,501,3,95,2,5700,13,3,35,4,10,63,32,95,950,9500,950,'04.12.2018','erdmaennchen.jpg'),(511,'Fennek','Fennec Fox',500,501,1,65,2,5200,12,4,42,3,8,54,81,27,650,6500,650,'19.03.2019','fennek.jpg'),(512,'Flusspferd','Hippopotamus',500,503,2,110,2,4400,14,2,90,1,6,102,51,153,1100,11000,1100,'16.04.2018','flusspferd.jpg'),(513,'Giraffengazelle','Gerenuk',500,502,2,105,2,6300,14,3,70,2,10,591,394,197,1050,10500,1050,'02.08.2022','giraffengazelle.jpg'),(514,'Großer Ameisenbär','Giant Anteater',500,504,2,97,2,3880,14,2,75,1,6,390,585,195,970,9700,970,'01.09.2020','großer-ameisenbaer.jpg'),(515,'Honigdach','Honey Badger',500,502,2,90,2,5400,13,3,60,2,8,93,185,278,900,9000,900,'23.11.2020','honigdach.jpg'),(516,'Impala','Impala',500,501,1,67,2,5360,11,4,75,1,10,107,213,318,670,6700,670,'04.08.2020','impala.jpg'),(517,'Kaffernbüffel','African Buffalo',500,503,1,325000,1,4000,14,2,90,1,5,532,798,266,1000,65000,6500,'16.04.2018','kaffernbueffel.jpg'),(518,'Kap-Großkudu','Greater Kudu',500,501,3,50,2,4000,10,4,55,2,10,100,149,50,500,5000,500,'04.12.2023','kap-großkudu.jpg'),(519,'Löffelhund','Bat-Eared Fox',500,501,1,85,2,5100,13,3,42,3,8,247,165,83,850,8500,850,'10.12.2019','loeffelhund.jpg'),(520,'Löwe','Lion',500,501,0,40,2,3200,9,4,85,1,6,29,57,86,400,4000,400,'16.04.2018','loewe.jpg'),(521,'Netzgiraffe','Reticulated Giraffe',500,502,1,80,2,4800,12,3,100,1,5,98,147,49,800,8000,800,'16.04.2018','netzgiraffe.jpg'),(522,'Riesen-Elenantilope','Giant Eland',500,504,3,85,2,5100,13,3,55,2,6,460,231,690,850,8500,850,'25.10.2022','riesen-elenantilope.jpg'),(523,'Rotschnabeltoko','Northern Red-Billed Hornbill',500,501,2,95,2,5700,13,2,85,1,8,90,135,45,950,9500,950,'23.07.2019','rotschnabeltoko.jpg'),(524,'Sandkatze','Sand Cat',500,501,1,75,2,6000,12,4,45,3,10,513,171,342,750,7500,750,'17.08.2021','sandkatze.jpg'),(525,'Schabrackenhyäne','Brown Hyena',500,503,3,105,2,4200,14,2,66,2,6,613,307,919,1050,10500,1050,'05.07.2022','schabrackenhyaene.jpg'),(526,'Somalistrauß','Somali Ostrich',500,502,3,70,2,5600,12,4,60,2,10,76,226,151,700,7000,700,'21.11.2023','somalistrauß.jpg'),(527,'Spitzmaulnaßhorn','Black Rhinoceros',500,501,2,87,2,5220,13,3,100,1,6,500,333,167,870,8700,870,'04.07.2023','spitzmaulnasshorn.jpg'),(528,'Trampeltier','Bactrian Camel',500,503,2,75,2,4500,12,3,50,2,6,40,118,79,750,7500,750,'01.10.2019','trampeltier.jpg'),(529,'Tüpfelhyäne','Spotted Hyena',500,504,3,95,2,4800,13,2,66,2,5,235,157,79,950,9500,950,'28.05.2019','tuepfelhyaene.jpg'),(530,'Warzenschwein','Warthog',500,503,3,120,2,7200,15,3,60,2,8,95,143,48,1200,12000,1200,'16.10.2018','warzenschwein.jpg'),(531,'Weissgesichtseule','White-Faced Owl',500,504,1,80,2,6400,12,4,80,1,10,160,106,53,800,8000,800,'24.10.2019','weissgesichtseule.jpg'),(532,'Weissschwanzmanguste','White-Tailed Mongoose',500,501,2,85,2,5400,13,3,40,3,8,199,100,299,850,8500,850,'12.05.2020','weissschwanzmanguste.jpg'),(533,'Wollkopfgeier','White-Headed Vulture',500,501,1,69000,1,5400,13,3,80,1,6,75,224,150,900,13800,1380,'22.03.2022','wollkopfgeier.jpg'),(534,'Zebramanguste','Banded Mongoose',500,502,3,86,2,5160,13,3,40,3,8,131,392,261,860,8600,860,'13.04.2021','zebramanguste.jpg'),(535,'Riesen-Rappenantilope','Royal Sable Antelope',500,501,2,89,2,5340,13,3,80,1,10,206,309,104,890,8900,890,'30.07.2024','riesen-rappenantilope.jpg'),(536,'Weissschwanzgnu','Black Wildebeest',500,502,3,195000,1,5700,13,3,90,1,6,154,462,308,950,39000,3900,'25.02.2020','weissschwanzgnu.jpg'),(537,'Asiatischer Esel','Onager',500,504,2,95,2,6400,12,4,60,2,10,179,90,269,950,9500,950,'27.08.2024','asiatischer-esel.jpg'),(601,'Banteng','Banteng',600,603,1,80,2,4800,12,3,90,1,6,455,228,682,800,8000,800,'31.08.2021','banteng.jpg'),(602,'Bartschwein','Bearded Pig',600,602,2,86,2,5160,13,3,86,1,8,217,433,649,860,8600,860,'07.06.2022','bartschwein.jpg'),(603,'Berggorilla','Mountain Gorilla',600,601,2,55000,1,6600,14,3,64,2,8,42,84,126,1100,11000,1100,'07.08.2018','berggorilla.jpg'),(604,'Binturong','Binturong',600,602,2,76,2,4560,12,3,80,1,8,NULL,NULL,NULL,760,7600,760,'26.10.2021','binturong.jpg'),(605,'Blauaugenmaki','Blue-Eyed Black Lemur',600,602,2,60,2,4800,11,4,40,3,8,124,186,62,600,6000,600,'23.05.2024','blauaugenmaki.jpg'),(606,'Borstenkopf','Pesquets Parrot',600,602,3,100,2,4000,14,2,60,2,6,1042,348,695,1000,10000,1000,'28.02.2022','borstenkopf.jpg'),(607,'Brazzameerkatze','De Brazzas Monkey',600,601,2,84,2,5040,13,3,70,2,6,150,75,224,840,8400,840,'16.03.2021','brazzameerkatze.jpg'),(608,'Brillenflughund','Flying Fox',600,601,1,95,2,5700,13,3,50,2,6,132,88,45,950,9500,950,'25.10.2018','brillenflughund.jpg'),(609,'Faultier','Sloth',600,601,3,125,2,5000,15,2,54,2,6,123,185,62,1250,12500,1250,'06.11.2018','faultier.jpg'),(610,'Goldkronen-Flughund','Giant Golden-Crowned Flying Fox',600,601,1,78,2,4680,12,3,45,3,8,103,309,206,780,7800,780,'07.05.2024','goldkronen-flughund.jpg'),(611,'Große Anakonda','Green Anaconda',600,603,1,100,2,4000,14,2,100,1,4,71,213,143,1000,10000,1000,'16.04.2018','große-anakonda.jpg'),(612,'Große Otterspitzmaus','Giant Otter Shrew',600,602,2,80,2,4800,12,3,60,2,8,NULL,NULL,NULL,800,8500,850,'09.11.2022','große-otterspitzmaus.jpg'),(613,'Harpyie','Harpy Eagle',600,601,3,100,2,4000,14,2,85,1,6,200,600,400,1000,10000,1000,'30.06.2020','harpyie.jpg'),(614,'Hellroter Ara','Scarlet Macaw',600,601,0,60,2,4800,11,4,55,2,8,78,52,26,600,6000,600,'16.04.2018','hellroter-ara.jpg'),(615,'Helmkasuar','Southern Cassowary',600,602,1,65,2,5200,11,4,64,2,8,441,221,662,650,6500,650,'06.07.2022','helmkasuar.jpg'),(616,'Jentink-Ducker','Jentinks Duiker',600,603,3,59,2,4720,11,4,45,3,10,61,183,122,590,5900,590,'19.12.2023','jentink-ducker.jpg'),(617,'Kaiserschnurrbarttamarin','Emperor Tamarin',600,601,3,75,2,6000,12,4,42,3,10,371,124,247,750,7500,750,'17.08.2021','kaiserschnurrbarttamarin.jpg'),(618,'Kakapo','Kakapo',600,602,3,75,2,6000,12,4,70,2,10,202,68,135,750,7500,750,'21.01.2020','kakapo.jpg'),(619,'Kleideraffe','Douc',600,602,2,120,2,4800,14,2,75,1,6,513,171,342,1200,12000,1200,'22.06.2021','kleideraffe.jpg'),(620,'Köhlerschildkröte','Red-Footed Tortoise',600,603,2,89,2,5340,13,3,45,3,8,129,386,257,890,8900,890,'04.06.2024','koehlerschildkroete.jpg'),(621,'Komodowaran','Komodo Dragon',600,603,2,95,2,3800,13,2,80,1,5,79,157,235,950,9500,950,'05.02.2019','komodowaran.jpg'),(622,'Königstiger','Bengal Tiger',600,602,3,130,2,5200,16,2,100,1,6,58,116,174,1300,13000,1300,'29.05.2018','koenigstiger.jpg'),(623,'Krabbenwaschbär','Crab-Eating Raccoon',600,603,3,35,2,3500,8,5,45,3,10,23,45,68,350,3500,350,'17.02.2022','krabbenwaschbaer.jpg'),(624,'Kurzohrfuchs','Short-Eared Zorro',600,602,2,70,2,4200,12,3,50,2,8,189,283,94,700,7000,700,'09.05.2023','kurzohrfuchs.jpg'),(625,'Löwenäffchen','Lion Tamarin',600,601,2,75,2,6000,12,4,42,3,10,162,81,243,750,7500,750,'14.04.2020','loewenaeffchen.jpg'),(626,'Maikong','Maikong',600,603,3,69,2,4140,11,3,50,2,6,606,303,910,690,6900,690,'17.03.2022','maikong.jpg'),(627,'Mandrill','Mandrill',600,601,3,110,2,4200,14,2,65,2,6,323,108,216,1100,11000,1100,'28.08.2019','mandrill.jpg'),(628,'Mantelaffe','Guereza',600,601,2,100,2,4000,14,2,60,2,6,1022,341,682,1050,10500,1050,'27.09.2022','mantelaffe.jpg'),(629,'Matschie Baumkänguru','Matschies Tree Kangaroo',600,601,1,60,2,4800,11,4,40,3,10,86,258,172,600,6000,600,'10.05.2023','matschie-baumkaenguru.jpg'),(630,'Nasenaffe','Proboscis Monkey',600,602,2,125000,1,5400,13,3,70,2,9,90,180,180,900,25000,2500,'16.02.2022','nasenaffe.jpg'),(631,'Nebelparder','Clouded Leopard',600,602,3,89,2,5340,13,3,85,1,6,328,492,164,890,8900,890,'07.07.2020','nebelparder.jpg'),(632,'Nepaluhu','Spot-Bellied Eagle-Owl',600,601,2,82,2,4920,12,3,85,1,8,470,235,703,820,8200,820,'26.10.2021','nepaluhu.jpg'),(633,'Netzpython','Reticulated Python',600,602,3,60,2,4800,11,4,35,4,8,155,78,233,600,6000,600,'25.10.2023','netzpython.jpg'),(634,'Nilkrokodil','Nile Crocodile',600,603,2,50000,1,4000,14,2,90,1,4,79,237,158,1000,10000,1000,'16.04.2018','nilkrokodil.jpg'),(635,'Orang Utan','Orangutan',600,602,3,120,2,7200,15,3,64,2,8,95,143,48,1200,12000,1200,'02.04.2019','orang-utan.jpg'),(636,'Pakarana','Pacarana',600,603,2,96,2,5700,13,3,70,2,8,272,815,543,950,9500,950,'22.03.2022','pakarana.jpg'),(637,'Panama-Kapuzineraffe','Panamanian White-Faced Capuchin',600,603,3,73,2,4380,12,3,42,3,8,273,137,409,730,7300,730,'07.07.2020','panama-kapuzineraffe.jpg'),(638,'Panter','Panther',600,602,1,35000,1,2800,12,2,90,1,4,64,191,128,700,7000,700,'16.04.2018','panter.jpg'),(639,'Riesenkönigshörnchen','Indian Giant Squirrel',600,601,1,100,2,6000,14,3,50,2,8,36,110,73,1000,10000,1000,'11.04.2019','riesenkoenigshoernchen.jpg'),(640,'Riesenotter','Giant Otter',600,603,1,88,2,5280,13,3,75,1,6,593,198,395,880,8800,880,'18.08.2020','riesenotter.jpg'),(641,'Riesentukan','Toco Toucan',600,601,3,60000,1,4800,15,2,60,2,6,60,120,179,1200,12000,1200,'16.04.2018','riesentukan.jpg'),(642,'Roter Uakari','Bald Uakari',600,601,2,90,2,5400,13,3,70,2,6,1061,355,707,900,9000,900,'26.10.2022','roter-uakari.jpg'),(643,'Rothalsfilander','Red-Necked Pademelon',600,602,2,68,2,4080,11,3,40,3,8,182,273,91,680,6800,680,'26.05.2023','rothalsfilander.jpg'),(644,'Saola','Saola',600,603,3,90,2,5400,13,3,55,2,8,669,224,446,900,9000,900,'07.09.2022','saola.jpg'),(645,'Satansaffe','Black Bearded Saki',600,601,3,90,2,5400,13,3,65,2,6,559,279,838,900,9000,900,'02.08.2022','satansaffe.jpg'),(647,'Sumatra-Tiger','Sumatran Tiger',600,602,3,100,2,6000,14,3,70,2,8,233,78,155,1000,10000,1000,'09.03.2023','sumatra-tiger.jpg'),(648,'Tamandua','Tamandua',600,603,2,100,2,4000,14,2,90,1,6,194,97,291,1000,10000,1000,'08.12.2020','tamandua.jpg'),(649,'Tamarau','Tamaraw',600,603,3,70,2,5600,12,4,70,2,12,1189,126,63,700,7000,700,'07.12.2023','tamarau.jpg'),(650,'Tüpfelkuskus','Cuscus',600,601,3,80,2,4800,12,3,45,3,8,485,323,162,800,8000,800,'23.03.2021','tuepfelkuskus.jpg'),(651,'Weißhand-Gibbon','Lar Gibbon',600,601,2,100,2,6000,14,3,42,3,8,82,41,123,1000,10000,1000,'14.03.2019','weißhand-gibbon.jpg'),(652,'Westlicher Flachlandgorilla','Western Lowland Gorilla',600,601,2,125,2,7500,15,3,64,2,8,NULL,NULL,NULL,1250,12500,1250,'07.05.2024','westlicher-flachlandgorilla.jpg'),(653,'Wickelbär','Kinkajou',600,602,2,85,2,3400,13,2,45,3,5,49,98,147,850,8500,850,'22.01.2019','wickelbaer.jpg'),(654,'Zwergflusspferd','Pygmy Hippopotamus',600,602,2,125,2,7500,15,3,35,4,10,0,0,0,1250,12500,1250,'02.07.2024','zwergflusspferd.jpg'),(655,'Scharlachsichler','Scarlet Ibis',600,602,2,128,2,7680,16,3,50,2,8,NULL,NULL,NULL,1280,12800,1280,'30.07.2024','scharlachsichler.jpg'),(656,'Asiatischer Elefant','Asian Elephant',600,801,3,125,2,5000,15,2,95,1,6,NULL,NULL,NULL,1250,12500,1250,'24.09.2024','asiatischer-elefant.jpg'),(657,'Südlicher Spinnenaffe','Southern Muriqui',600,601,2,55,2,4400,10,4,50,2,8,NULL,NULL,NULL,550,5500,550,'04.12.2024','suedlicher-spinnenaffe.jpg'),(658,'Asiatische Goldkatze','Asian Golden Cat',600,602,3,100,2,6000,14,3,55,2,8,0,0,0,1000,10000,1000,'14.01.2025','asiatische-goldkatze.jpg'),(701,'Adeliepinguin','Adelie Pengiun',700,701,1,65,2,5200,11,4,35,4,8,41,123,82,650,6500,650,'04.12.2022','adeliepinguin.jpg'),(702,'Arktischer Ziesel','Arctic Ground Squirrel',700,701,1,60,2,4800,11,4,50,2,10,342,513,171,600,6000,600,'07.12.2021','arktischer-ziesel.jpg'),(703,'Eisbär','Polar Bear',700,701,1,120,2,4800,15,2,90,1,6,236,157,79,1200,12000,1200,'14.03.2019','eisbaer.jpg'),(704,'Glanzfasan','Himalayan Monal',700,702,1,84,2,5040,13,3,60,2,8,97,192,288,840,8400,840,'23.03.2021','glanzfasan.jpg'),(705,'Himalaya-Tahr','Himalayan Tahr',700,701,1,245000,1,5100,13,3,50,2,8,403,269,135,850,49000,4900,'05.05.2020','himalaya-tahr.jpg'),(706,'Jakuten-Pferd','Yakutian Horse',700,702,1,110,2,4400,14,2,65,2,6,501,250,750,1100,11000,1100,'15.02.2022','jakuten-pferd.jpg'),(707,'Japanischer Serau','Japanese Serow',700,702,1,84,2,5040,13,3,55,2,10,90,179,269,840,8400,840,'06.07.2021','japanischer-serau.jpg'),(708,'Japanmakak','Japanese Macaque',700,702,1,75,2,4500,12,3,70,2,8,349,175,524,750,7500,750,'07.12.2021','japanmakak.jpg'),(709,'Kaiserpinguin','Emperor Pengiun',700,701,3,85,2,5100,13,3,55,2,10,164,55,109,850,8500,850,'14.03.2019','kaiserpinguin.jpg'),(710,'Kanadischer Luchs','Canadian Lynx',700,701,3,100,2,4000,14,2,70,2,6,247,165,83,1000,10000,1000,'08.10.2019','kanadischer-luchs.jpg'),(711,'Moschusochse','Musk Ox',700,701,3,105,2,4200,14,2,95,1,6,280,419,140,1050,10500,1050,'17.03.2020','moschusochse.jpg'),(712,'Moschustier','Musk Deer',700,702,2,71,2,5680,12,4,55,2,10,380,253,127,710,7100,710,'27.10.2020','moschustier.jpg'),(713,'Polarfuchs','Arctic Fox',700,701,1,70000,1,4400,14,2,50,2,6,85,170,254,110,14000,1400,'14.03.2019','polarfuchs.jpg'),(714,'Polarwolf ','Arctic Wolf',700,701,2,57500,1,4600,15,2,60,2,6,298,199,99,1150,11500,1150,'22.08.2019','polarwolf.jpg'),(715,'Schneeeule','Snow Owl',700,701,2,85,2,5100,13,3,80,1,9,158,237,80,850,8500,850,'02.10.2019','schneeeule.jpg'),(716,'Schneegans','Snow Goose',700,702,3,64,2,5120,11,4,40,3,8,70,140,209,640,6400,640,'29.03.2023','schneegans.jpg'),(717,'Schneehase','Snow Hare',700,701,0,10000,1,3200,6,8,37,3,12,104,69,35,200,2000,200,'14.03.2019','schneehase.jpg'),(718,'Schneeleopard','Snow Leopard',700,701,2,100,2,4000,14,2,37,3,6,106,317,211,1000,10000,1000,'03.12.2019','schneeleopard.jpg'),(719,'Schneeziege','Rocky Mountain Goat',700,702,1,64,2,5120,11,4,90,1,8,165,329,493,640,6400,640,'09.12.2020','schneeziege.jpg'),(720,'Sibirischer Tiger','Siberian Tiger',700,703,3,92,2,5520,12,3,80,1,8,243,363,121,920,9200,920,'20.12.2022','sibirischer-tiger.jpg'),(721,'Tibetfuchs','Tibetan Fox',700,702,2,100,2,4000,14,2,60,2,6,455,152,303,1000,10000,1000,'01.12.2020','tibetfuchs.jpg'),(722,'Vielfraß','Wolverine',700,701,2,100,2,4000,14,2,80,1,6,93,186,279,1000,10000,1000,'20.08.2019','vielfraß.jpg'),(723,'Weißwangengans','Barnacle Goose',700,702,2,80,2,6400,12,4,45,3,12,267,134,401,800,8000,800,'04.05.2022','weißwangengans.jpg'),(724,'Yak','Yak',700,702,3,120,2,4800,15,2,95,1,6,338,507,170,1200,12000,1200,'19.01.2021','yak.jpg'),(725,'Zobel','Sable',700,702,2,80,2,4800,12,3,40,3,8,127,254,381,800,8000,800,'06.01.2023','zobel.jpg'),(726,'Küstenseeschwalbe','Arctic Tern',700,702,1,110000,1,4400,10,4,35,4,8,NULL,NULL,NULL,550,22000,2200,'26.11.2024','kuestenseeschwalbe.jpg'),(727,'Sattelrobbe','Harp Seal',700,702,1,80,2,6400,12,4,50,2,10,NULL,NULL,NULL,800,8000,800,'26.11.2024','sattelrobbe.jpg'),(728,'Trottellumme','Common Murre',700,702,1,150000,1,4800,11,4,40,3,10,0,0,0,600,30000,3000,'26.11.2024','trottellumme.jpg'),(729,'Gerfalke','Gyrfalcon',700,702,1,69,2,5520,11,4,50,2,10,NULL,NULL,NULL,690,6900,690,'11.09.2024','gerfalke.jpg'),(730,'Zügelpinguin','Chinstrap Penguin',700,701,1,70,2,5600,12,4,45,3,12,NULL,NULL,NULL,700,7000,700,'26.11.2024','zuegelpinguin.jpg'),(731,'Schneeschaf','Snow Sheep',700,702,2,75,2,4500,12,3,55,2,6,NULL,NULL,NULL,750,7500,750,'26.11.2024','schneeschaf.jpg'),(732,'Riesenseeadler','Pacific Sea Eagle',700,703,3,120,2,4800,15,2,80,1,6,NULL,NULL,NULL,1200,12000,1200,'26.11.2024','riesenseeadler.jpg'),(801,'Amazonas Delfin','Amazon River Dolphin',800,802,2,110,2,6600,14,3,80,1,12,NULL,NULL,NULL,1100,11000,1100,'21.09.2023','amazonas-delfin.jpg'),(802,'Bandrobbe','Ribbon Seal',800,801,2,79,2,4740,12,3,85,1,8,98,196,293,790,7900,790,'07.07.2020','bandrobbe.jpg'),(803,'Belugawal','Beluga Whale',800,802,3,100,2,4000,14,2,100,1,6,417,625,209,1000,10000,1000,'08.06.2020','belugawal.jpg'),(804,'Brillenpelikan','Australian Pelican',800,801,1,195000,1,4800,11,4,50,2,6,277,185,93,600,39000,3900,'30.08.2022','brillenpelikan.jpg'),(805,'Brillenpinguin','African Penguin',800,801,1,64,2,5120,11,4,45,3,12,56,168,112,640,6400,640,'06.12.2023','brillenpinguin.jpg'),(806,'Buckelwal','Humpback Whale',800,802,2,120,2,4800,15,2,120,1,6,682,455,228,1200,12000,1200,'21.11.2023','buckelwal.jpg'),(807,'Commerson-Delphin','Commersons Dolphin',800,802,2,100,2,6000,14,3,85,1,8,150,300,450,1000,10000,1000,'17.01.2023','commerson-delphin.jpg'),(808,'Dugong','Dugong',800,802,2,175000,1,6400,12,4,80,1,10,76,226,151,800,35000,3500,'21.11.2023','dugong.jpg'),(809,'Echte Karrettschildkröte','Hawsbill Sea Turtle',800,801,3,90,2,5400,13,3,55,2,8,258,516,775,900,9000,900,'10.05.2022','echte-karrettschildkroete.jpg'),(810,'Felsenpinguin','Rockhopper Pengiun',800,801,2,75,2,5100,13,3,45,3,8,94,189,283,780,7800,780,'08.02.2022','felsenpinguin.jpg'),(811,'Fransenschildkröte','Mata Mata',800,801,1,500000,1,4200,12,3,45,3,6,180,542,362,700,100000,10000,'17.05.2023','fransenschildkroete.jpg'),(812,'Gangesgavial','Gharial',800,801,1,75,2,4500,12,3,70,2,6,412,274,137,750,7500,750,'10.10.2023','gangesgavial.jpg'),(813,'Großer Tümmler','Bottlenose Dolphin',800,802,3,110,2,6600,14,3,85,1,8,334,111,223,1100,11000,1100,'25.11.2019','großer-tuemmler.jpg'),(814,'Hammerhai','Hammerhead Shark',800,802,3,115,2,4000,15,2,120,1,4,437,1310,874,1150,11500,1150,'07.06.2022','hammerhai.jpg'),(815,'Irawadidelfin','Irrawaddy Dolphin',800,802,1,80,2,6400,12,4,70,2,12,NULL,NULL,NULL,800,8000,800,'25.01.2024','irawadidelfin.jpg'),(816,'Kalifornischer Schweinswal','Vaquita',800,802,1,72,2,4320,12,3,70,2,8,189,94,283,720,7200,720,'13.02.2024','kalifornischer-schweinswal.jpg'),(817,'Klappmütze','Hooded Seal',800,802,2,90,2,5400,13,3,90,1,6,309,618,926,900,9000,900,'17.08.2021','klappmuetze.jpg'),(818,'Mähnenrobbe','Southern Sea Lion',800,801,3,110,2,4400,14,2,115,1,4,553,277,830,1100,11000,1100,'06.07.2021','maehnenrobbe.jpg'),(819,'Mandarinente','Mandarin Duck',800,802,0,25000,1,5000,10,5,40,3,12,115,172,58,500,5000,500,'25.11.2019','mandarinente.jpg'),(820,'Mississippi-Aligator','Mississippi Alligator',800,801,2,99,2,5940,14,3,90,1,7,309,617,926,990,9900,990,'22.03.2022','mississippi-aligator.jpg'),(821,'Narwal','Narwhale',800,802,3,120,2,4800,15,2,125,1,4,666,999,333,1200,12000,1200,'11.05.2021','narwal.jpg'),(822,'Orca','Orca',800,802,3,125,2,5000,15,2,120,1,4,591,886,295,1250,12500,1250,'23.11.2020','orca.jpg'),(823,'Papageintaucher','Puffin',800,802,1,80,2,6400,12,4,45,3,10,492,164,328,800,8000,800,'23.11.2021','papageintaucher.jpg'),(824,'Prachteiderente','King Eider',800,801,2,65,2,5200,11,4,42,3,10,213,318,107,650,6500,650,'29.10.2020','prachteiderente.jpg'),(825,'Riemenfisch','Oarfish',800,802,2,125000,1,4680,12,3,85,1,6,377,252,126,750,25000,2500,'21.11.2023','riemenfisch.jpg'),(826,'Riesenmanta','Giant Oceanic Manta Ray',800,802,1,210000,1,4000,14,2,90,1,6,484,323,161,1000,42000,4200,'25.11.2019','riesenmanta.jpg'),(827,'Riesen-Süßwasserstechrochen','Giant Freshwater Stingray',800,802,0,100,2,4000,14,2,85,1,6,NULL,NULL,NULL,1000,10000,1000,'25.06.2024','riesen-suesswasserstechrochen.jpg'),(828,'Riffmanta','Reef Manta Ray',800,802,1,75,2,4500,12,3,65,2,8,189,283,94,750,7500,750,'21.11.2023','riffmanta.jpg'),(829,'Rote Riesenkrake','Red Giant Octopus',800,801,2,100,2,4000,14,2,100,1,6,375,251,125,1000,10000,1000,'25.11.2019','rote riesenkrake.jpg'),(830,'Rundschwanzseekuh','Manatee',800,802,3,120,2,4800,15,3,115,1,6,567,188,376,1200,12000,1200,'08.06.2021','rundschwanzseekuh.jpg'),(831,'Sägerochen','Sawfisch',800,802,3,105,2,4200,14,2,70,2,6,NULL,NULL,NULL,1050,10500,1050,'26.09.2023','saegerochen.jpg'),(832,'Salmaa-Ringelrobbe','Saimaa Ringed Seal',800,801,1,70,2,4500,12,3,70,2,8,189,283,94,750,7500,750,'12.03.2024','salmaa-ringelrobbe.jpg'),(833,'Schnabeltier','Platypus',800,801,3,110,2,6600,14,3,50,2,8,228,341,114,1100,11000,1100,'12.05.2020','schnabeltier.jpg'),(834,'Schwarzhalsschwan','Black-Necked Swan',800,801,2,70,2,5600,12,4,40,3,12,61,121,182,700,7000,700,'08.03.2023','schwarzhalsschwan.jpg'),(835,'See-Elefant','Elephant Seal',800,801,2,340000,1,5100,13,3,100,1,6,460,690,231,850,68000,6800,'24.09.2020','see-elefant.jpg'),(836,'Seeleopard','Leopard Seal',800,801,2,85,2,5100,13,2,90,1,8,379,570,190,850,8500,850,'21.07.2022','seeleopard.jpg'),(837,'Seeotter','Sea Otter',800,801,2,90,2,5400,13,3,50,2,9,372,249,131,900,9000,900,'25.11.2019','seeotter.jpg'),(838,'Tigerhai','Tiger Shark',800,802,1,120,2,4800,15,2,120,1,5,209,626,417,1200,12000,1200,'16.02.2021','tigerhai.jpg'),(839,'Trompetenschwan','Trumpeter Swan',800,801,0,55,2,4400,10,4,50,2,10,88,131,44,550,5500,550,'19.06.2024','trompetenschwan.jpg'),(840,'Walross','Walrus',800,801,2,85,2,5100,13,3,90,1,8,205,308,103,850,8500,850,'25.11.2019','walross.jpg'),(841,'Wander-Albatros','Snowy Albatross',800,802,3,100,2,6000,14,3,50,2,10,257,385,129,1000,10000,1000,'17.06.2024','wander-albatros.jpg'),(842,'Weißer Hai','Great White Shark',800,802,2,80,2,4800,12,3,100,1,6,448,150,299,800,8000,800,'21.11.2023','weißer-hai.jpg'),(843,'Leistenkrokodil','Saltwater Crocodile',800,801,1,65,2,3900,11,3,85,1,6,64,190,127,650,6500,650,'23.10.2024','leistenkrokodil.jpg'),(844,'Rosa Pelikan','White Pelican',800,801,3,65,2,3900,11,3,55,2,6,164,109,55,650,6500,650,'07.11.2024','rosa-pelikan.jpg'),(845,'Kronenpinguin','Erect-Crested Penguin',800,801,1,63,2,5040,11,4,45,3,10,NULL,NULL,NULL,630,6300,630,'04.12.2024','kronenpinguin.jpg'),(1101,'Buntmarder','Yellow-Troated Marten',1100,1101,2,90,2,5400,13,3,50,2,10,240,360,120,900,9000,900,'02.07.2024','bundmarder.jpg'),(1102,'Eigentlicher Streifentenrek','Lowland Streaked Tenrec',1100,1102,3,150000,1,5440,11,4,45,3,10,171,256,85,680,30000,3000,'28.12.2023','eigentlicher-streifentenek.jpg'),(1103,'Feuersalamander','Fire Salamander',1100,1101,3,225000,1,4500,9,5,45,3,10,160,239,80,450,45000,4500,'17.10.2023','feuersalamander.jpg'),(1104,'Geflügelte Stabschrecke','Pink-Winged Stick Insect',1100,1102,2,67,2,4020,11,3,30,4,8,89,267,178,670,6700,670,'13.04.2023','gefluegelte-stabschrecke.jpg'),(1105,'Goldbaumsteiger','Green-and-Black Poison Dart Frog',1100,1102,2,80,2,4800,12,3,55,2,6,129,257,386,800,8000,800,'14.03.2023','goldbaumsteiger.jpg'),(1106,'Haselmaus','Hazel Dormouse',1100,1101,0,44500,1,5440,11,4,50,2,10,31,92,61,680,8900,890,'12.10.2021','haselmaus.jpg'),(1107,'Ili-Pfeifhase','Ili Pika',1100,1101,2,60,2,4800,11,4,60,2,10,90,179,269,600,6000,600,'07.03.2024','ili-pfeifhase.jpg'),(1108,'Kaiserskorpion','Emperor Scorpion',1100,1102,2,50,2,4000,10,4,50,2,8,283,189,94,500,5000,500,'20.06.2023','kaiserskorpion.jpg'),(1109,'Kurzkopfgleitbeutler','Sugar Glider',1100,1101,2,110,2,4400,14,2,60,2,6,192,128,64,1100,11000,1100,'12.10.2021','kurzkopfgleitbeutler.jpg'),(1110,'Madagasker-Taggecko','Madagascar Day Gecko',1100,1102,3,77,2,4620,9,3,40,3,8,86,258,172,770,7700,770,'10.01.2023','madagasker-taggecko.jpg'),(1111,'Mähnenratte','Maned Rat',1100,1102,2,75,2,4500,12,3,75,2,7,146,73,218,750,7500,750,'23.11.2021','maehnenratte.jpg'),(1112,'Mauswiesel','Least Weasel',1100,1102,1,72500,1,6160,12,4,75,1,10,164,55,109,770,14500,1450,'23.02.2022','mauswiesel.jpg'),(1113,'Maus-Zwergbeutelratte','Murine Mouse Opossum',1100,1101,3,80000,1,5400,13,3,70,2,6,216,323,108,900,16000,1600,'28.09.2022','maus-zwergbeutelratte.jpg'),(1114,'Parsons Chamälion','Parsons Chameleon',1100,1102,3,128,2,5120,16,2,75,1,5,280,NULL,NULL,1280,12800,1280,'03.08.2022','parsons-chamaelion.jpg'),(1115,'Rotaugenlaubfrosch','Red-Eyed Tree Frog',1100,1102,3,100,2,6000,14,3,30,4,10,148,222,74,1000,10000,1000,'03.08.2022','rotaugenlaubfrosch.jpg'),(1116,'Rüsselhündchen','Giant Sengi',1100,1102,3,130,2,5200,16,2,66,2,6,195,NULL,261,1300,13000,1300,'22.03.2022','ruesselhuendchen.jpg'),(1117,'Sonnendachs','Ferret Badger',1100,1101,2,120,2,4800,15,2,77,1,6,105,53,158,1200,12000,1200,'23.11.2021','sonnendachs.jpg'),(1118,'Streifen-Backenhörnchen','Eastern Chipmunk',1100,1102,1,65,2,5200,11,4,55,2,8,126,42,84,650,6500,650,'12.10.2021','streifen-backenhoernchen.jpg'),(1119,'Zwergameisenbär','Silky Anteater',1100,1102,3,75,2,4500,12,3,65,2,8,206,309,103,750,7500,750,'28.11.2023','zwergameisenbaer.jpg'),(1120,'Europäischer Hamster','European Hamster',1100,1101,2,320000,1,5120,11,4,60,2,12,228,152,76,640,64000,6400,'22.08.2024','europaeischer-hamster.jpg'),(1121,'Bunthörnchen','Variegated Squirrel',1100,1102,2,85,2,5100,13,3,50,2,10,NULL,NULL,NULL,850,8500,850,'17.12.2024','bunthoernchen.jpg'),(1201,'Kleiner Gürtelmull','Pink Fairy Armadillo',1200,1201,3,90,2,5400,13,3,65,2,8,NULL,NULL,NULL,900,9000,900,'23.11.2021','kleiner-guertelmull.jpg'),(1202,'Krötenechse','Horned Lizard',1200,1202,2,65000,1,5400,13,3,55,2,8,60,177,118,900,13000,1300,'23.11.2021','kroetenechse.jpg'),(1203,'Langohrigel','Long-Eared Hedgehog',1200,1201,0,78,2,4680,12,3,60,2,8,78,117,39,780,7800,780,'12.10.2021','langohrigel.jpg'),(1204,'Löffelbilch','Asian Garden Dormouse',1200,1201,3,95,2,5700,13,3,58,2,8,175,262,88,950,9500,950,'27.09.2022','loeffelbilch.jpg'),(1205,'Numbat','Numbat',1200,1202,2,140,2,5600,16,2,92,1,5,179,269,90,1400,14000,1400,'12.10.2021','numbat.jpg'),(1206,'Panzergürtelschweif','Armadillo Girdled Lizard',1200,1202,1,88,2,5280,13,3,56,2,8,75,149,223,880,8800,880,'27.06.2022','panzerguertelschweif.jpg'),(1207,'Rote Königsnatter','Scarlet Kingsnake',1200,1202,3,65,2,5200,11,4,45,3,8,172,258,86,650,6500,650,'19.12.2023','rote-koenigsnatter.jpg'),(1208,'Steppenwaran','Savannah Monitor',1200,1201,1,60000,1,4000,14,2,85,1,6,62,123,185,1000,12000,1200,'12.10.2021','steppenwaran.jpg'),(2101,'Axolotl','Axolotl',2100,2102,1,100,2,6000,14,3,40,3,8,NULL,NULL,NULL,1000,10000,1000,'14.03.2023','axolotl.jpg'),(2102,'Blauer Floridakrebs','Everglades Crayfish',2100,2101,2,65,2,5200,11,4,40,3,8,109,55,109,650,6500,650,'09.03.2023','blauer floridakrebs.jpg'),(2103,'Diskusfisch','Discus',2100,2102,3,100000,1,2100,5,7,40,3,8,124,186,62,150,20000,2000,'21.02.2023','diskusfisch.jpg'),(2104,'Goldfisch','Goldfish',2100,2101,2,50,2,4000,10,4,30,4,8,62,124,186,500,5000,500,'21.02.2023','goldfisch.jpg'),(2105,'Pfauen-Stachelaal','Peacock Eel',2100,2101,3,61,2,4880,11,4,45,3,8,158,238,79,610,6100,610,'21.11.2023','pfauen-stachelaal.jpg'),(2106,'Roter Piranha','Red-Bellied Piranha',2100,2101,3,70,2,5600,12,4,35,4,8,140,47,93,700,7000,700,'22.08.2023','roter piranha.jpg'),(2107,'Südamerik. Schmetterlingsbuntbarsch','Ram Cichlid',2100,2102,3,68,2,4080,5,3,25,5,8,182,273,91,680,6800,680,'16.01.2024','suedamerik-schmetterlingsbuntbarsch.jpg'),(2108,'Siaminischer Kampffisch','Siamese Fight Fish',2100,2101,3,170000,1,5600,12,4,35,4,12,49,146,97,700,34000,3400,'22.02.2024','siaminischer kampffisch.jpg'),(2109,'Pfauenaugen-Stechrochen','Occellate River Stingray',2100,2101,2,75,1,4500,12,3,70,2,8,363,121,243,750,7500,750,'27.08.2024','pfauenaugen-stechrochen.jpg'),(2201,'Clownfisch','Clownfish',2200,2202,2,70,2,4200,12,3,30,4,8,62,186,124,700,7000,700,'14.03.2023','clownfisch.jpg'),(2202,'Dumbo-Oktopus','Dumbo Octopus',2200,2202,3,325000,1,5200,11,4,40,3,8,133,200,67,650,65000,6500,'13.07.2023','dumbo-oktopus.jpg'),(2203,'Großer Fetzenfisch','Leafy Seadragon',2200,2201,3,105,2,6300,14,3,60,2,10,257,385,129,1050,11,1050,'21.11.2023','grosser-fetzenfisch.jpg'),(2204,'Japanischer-Feuerfisch','Luna Lionfish',2200,2201,3,90,2,5400,13,3,40,3,8,261,131,392,900,9000,900,'18.07.2023','japanischer-feuerfisch.jpg'),(2205,'Karnevalstintenfisch','Mimic Octopus',2200,2202,3,60,2,4800,11,4,60,2,8,155,233,78,600,6000,600,'26.05.2023','karnevalstintenfisch.jpg'),(2206,'Kompassqualle','Compass Jellyfish',2200,2201,2,90,2,5400,13,3,60,2,8,62,124,186,900,9000,900,'28.02.2023','kompassqualle.jpg'),(2207,'Mandarinfisch','Mandarinfish',2200,2201,2,60,2,3600,11,3,20,7,6,186,93,279,600,6000,600,'14.03.2023','mandarinfisch.jpg'),(2208,'Maskenkugelfisch','Masked Puffer',2200,2201,2,78,2,4600,15,2,50,2,6,164,492,328,1150,11500,1150,'14.03.2023','maskenkugelfisch.jpg'),(2209,'Paletten-Doktorfisch','Royal Blue Tang',2200,2201,3,450000,1,4800,12,3,60,2,8,62,186,124,800,90000,9000,'14.03.2023','paletten-doktorfisch.jpg'),(2210,'Seepferdchen','Short-Snouted Seahorse',2200,2202,2,86,2,5160,13,3,30,4,8,62,124,186,860,8600,860,'20.04.2023','seepferdchen.jpg'),(2211,'Gelbbrauner Kofferfisch','Yellow Boxfish',2200,2202,3,65,2,3900,11,3,40,3,6,102,304,203,650,6500,650,'25.07.2024','gelbbrauner-kofferfisch.jpg'),(3101,'Eulenschwalm','Tawny Frogmouth',3100,3101,2,250000,1,4800,11,4,60,2,10,73,218,146,600,50000,5000,'07.05.2024','eulenschwalm.jpg'),(3102,'Gemeiner Vampir ','Common Vampire Bat',3100,3101,3,100,2,6000,14,3,30,4,10,NULL,NULL,NULL,1000,10000,1000,'07.05.2024','gemeiner-vampir.jpg'),(3103,'Kleiner Igeltenrek','Lesser Hedgehog Tenrec',3100,3101,1,500000,1,5200,11,4,40,3,8,189,94,283,650,100,10,'07.05.2024','kleiner-igeltenrek.jpg'),(3104,'Zwerghamster','Dwarf Hamster',3100,3101,2,80,2,6400,12,4,30,4,12,182,91,273,800,8000,800,'27.06.2024','zwerghamster.jpg'),(3105,'Zwerglori','Slow Loris',3100,3101,1,375000,1,4800,12,3,40,3,8,175,88,262,800,75000,7500,'07.05.2024','zwerglori.jpg'),(3106,'Springhase','Springhare',3100,3101,2,425000,1,4500,12,3,60,2,8,178,90,267,750,85000,8500,'07.05.2024','springhase.jpg'),(3107,'Südliches Gürteltier','Southern Three-Banded Armadillo',3100,3101,1,85,2,5100,13,3,60,2,8,278,185,93,850,8500,850,'07.05.2024','suedliches-guerteltier.jpg'),(3108,'Tokeh','Tokay Gecko',3100,3101,2,75,2,4500,12,3,50,2,8,172,86,258,750,7500,750,'07.05.2024','tokeh.jpg'),(3109,'Perlkauz','Pearl-Spotted Owlet',3100,3101,2,60,2,4800,11,4,40,3,10,277,185,93,600,6000,600,'08.08.2024','perlkauz.jpg'),(3110,'Beutelmarder','Quoll',3100,3101,1,400000,1,5200,11,4,50,3,8,235,118,353,650,80000,8000,'03.10.2024','beutelmarder.jpg'),(3111,'Fingertier','Aya-Aye',3100,3101,2,80,2,4800,12,3,60,2,8,100,299,199,800,8000,800,'22.10.2024','fingertier.jpg');
/*!40000 ALTER TABLE `tiere` ENABLE KEYS */;
UNLOCK TABLES;

--
-- Table structure for table `tierherkunft`
--

/*!40101 SET @saved_cs_client     = @@character_set_client */;
/*!40101 SET character_set_client = utf8 */;
CREATE TABLE `tierherkunft` (
  `id` int(11) NOT NULL,
  `tierid` int(11) NOT NULL,
  `herkunftId` int(11) DEFAULT NULL,
  UNIQUE KEY `herkunftindex` (`id`)
);
/*!40101 SET character_set_client = @saved_cs_client */;

--
-- Dumping data for table `tierherkunft`
--

LOCK TABLES `tierherkunft` WRITE;
/*!40000 ALTER TABLE `tierherkunft` DISABLE KEYS */;
INSERT INTO `tierherkunft` VALUES (1000,101,1),(1001,102,7),(1002,103,10),(1003,103,20),(1004,103,18),(1005,104,9),(1006,105,1),(1007,106,4),(1008,106,8),(1009,106,21),(1010,107,10),(1011,107,15),(1012,107,20),(1013,107,18),(1014,107,8),(1015,108,10),(1016,108,20),(1017,108,18),(1018,109,10),(1019,109,16),(1020,109,20),(1021,109,18),(1022,109,8),(1023,109,21),(1024,110,10),(1025,110,15),(1026,110,20),(1027,110,18),(1028,111,9),(1029,111,13),(1030,111,21),(1031,112,10),(1032,112,20),(1033,112,18),(1034,112,21),(1035,113,9),(1036,114,12),(1037,115,9),(1038,115,13),(1039,116,4),(1040,116,21),(1041,117,2),(1042,118,9),(1043,119,9),(1044,119,11),(1045,119,21),(1046,120,2),(1047,121,7),(1048,121,14),(1049,122,7),(1050,122,14),(1051,123,9),(1052,124,10),(1053,124,16),(1054,124,15),(1055,124,20),(1056,124,18),(1057,125,8),(1058,125,21),(1059,126,4),(1060,127,8),(1061,127,21),(1062,128,10),(1063,128,16),(1064,128,15),(1065,128,20),(1066,128,18),(1067,129,9),(1068,129,8),(1069,129,19),(1070,130,9),(1071,131,9),(1072,131,13),(1073,131,21),(1074,132,4),(1075,132,13),(1076,132,21),(1077,133,4),(1078,133,8),(1079,134,16),(1080,135,17),(1081,135,21),(1082,136,10),(1083,136,16),(1084,136,21),(1085,136,20),(1086,136,18),(1087,137,10),(1088,137,15),(1089,138,9),(1090,138,13),(1091,138,8),(1092,138,21),(1093,139,11),(1094,139,9),(1095,139,21),(1096,140,12),(2000,201,9),(2001,202,10),(2002,202,15),(2003,202,16),(2004,202,20),(2005,202,18),(2006,203,1),(2007,204,1),(2008,205,9),(2009,205,13),(2010,205,21),(2011,206,9),(2012,206,8),(2013,206,21),(2014,207,4),(2015,207,8),(2016,207,21),(2017,208,9),(2018,208,13),(2019,209,9),(2020,209,13),(2021,209,21),(2022,210,9),(2023,210,21),(2024,211,10),(2025,211,16),(2026,211,8),(2027,211,15),(2028,211,20),(2029,211,18),(2030,212,18),(2031,212,21),(2032,213,7),(2033,213,14),(2034,214,9),(2035,214,13),(2036,214,8),(2037,214,21),(2038,215,7),(2039,215,14),(2040,216,10),(2041,216,16),(2042,216,20),(2043,216,18),(2044,217,10),(2045,217,20),(2046,217,18),(2047,218,9),(2048,219,9),(2049,219,13),(2050,219,21),(2051,220,7),(2052,220,14),(2053,221,11),(2054,221,4),(2055,221,8),(2056,221,21),(2057,221,20),(2058,222,7),(2059,223,9),(2060,223,13),(2061,223,21),(2062,224,10),(2063,224,16),(2064,224,15),(2065,224,18),(2066,224,20),(2067,225,4),(2068,225,8),(2069,225,21),(2070,226,4),(2071,226,8),(2072,226,21),(2073,227,10),(2074,227,16),(2075,227,8),(2076,227,18),(2077,227,20),(2078,228,9),(2079,229,10),(2080,229,16),(2081,229,8),(2082,229,18),(2083,229,20),(2084,230,10),(2085,230,15),(2086,231,9),(2087,232,10),(2088,232,18),(2089,232,20),(2090,233,4),(2091,233,8),(2092,233,21),(2093,234,2),(2094,235,7),(2095,235,14),(2096,236,9),(2097,237,10),(2098,237,16),(2099,237,8),(2100,237,18),(2101,237,20),(2102,237,21),(2103,237,15),(2104,238,10),(2105,239,4),(2106,239,8),(2107,239,21),(2108,240,4),(2109,241,9),(3000,301,7),(3001,301,14),(3002,302,9),(3003,303,9),(3004,304,10),(3005,304,18),(3006,304,20),(3007,305,7),(3008,306,8),(3009,306,21),(3010,307,7),(3011,308,10),(3012,308,8),(3013,308,16),(3014,308,18),(3015,308,20),(3016,309,9),(3017,310,10),(3018,310,18),(3019,310,20),(3020,310,16),(3021,311,4),(3022,311,21),(3023,312,10),(3024,312,18),(3025,312,20),(3026,312,21),(3027,313,4),(3028,313,21),(3029,314,9),(3030,314,13),(3031,314,8),(3032,314,21),(3033,315,9),(3034,316,9),(3035,316,13),(3036,316,21),(3037,317,1),(3038,318,1),(3039,319,9),(3040,319,13),(3041,320,9),(3042,321,7),(3043,322,10),(3044,322,8),(3045,322,16),(3046,322,15),(3047,322,18),(3048,322,20),(3049,323,9),(3050,323,13),(3051,323,21),(3052,324,10),(3053,324,16),(3054,324,18),(3055,324,20),(3056,324,21),(3057,325,9),(3058,326,10),(3059,326,15),(3060,326,18),(3061,326,20),(3062,326,21),(3063,327,21),(3064,327,17),(3065,328,10),(3066,328,21),(3067,329,10),(3068,329,8),(3069,329,18),(3070,329,20),(3071,329,21),(3072,330,9),(3073,330,13),(3074,330,21),(3075,331,10),(3076,331,8),(3077,331,16),(3078,331,15),(3079,331,18),(3080,331,20),(3081,332,10),(3082,332,15),(3083,332,8),(3084,332,18),(3085,332,20),(3086,332,21),(3087,333,7),(3088,334,4),(3089,334,8),(3090,334,21),(3091,335,9),(3092,336,8),(3093,336,11),(3094,336,4),(3095,336,20),(3096,336,21),(3097,337,4),(3098,337,8),(3099,337,13),(3100,337,21),(3101,338,9),(3102,339,9),(3103,339,13),(3104,339,21),(3105,340,10),(3106,340,8),(3107,340,16),(3108,340,15),(3109,340,18),(3110,340,20),(3111,340,21),(3112,341,1),(3113,342,10),(3114,342,20),(3115,342,18),(3116,343,9),(4000,401,10),(4001,401,16),(4002,401,18),(4003,401,20),(4004,402,16),(4005,402,18),(4006,402,20),(4007,402,10),(4008,403,9),(4009,404,9),(4010,404,8),(4011,404,13),(4012,404,21),(4013,405,7),(4014,405,14),(4015,406,15),(4016,406,20),(4017,406,18),(4018,406,10),(4019,407,9),(4020,408,9),(4021,408,21),(4022,408,13),(4023,409,7),(4024,409,14),(4025,410,4),(4026,411,1),(4027,412,10),(4028,412,18),(4029,412,10),(4030,412,21),(4031,413,7),(4032,413,14),(4033,414,9),(4034,414,13),(4035,415,9),(4036,415,13),(4037,415,21),(4038,416,9),(4039,416,13),(4040,416,8),(4041,416,21),(4042,417,4),(4043,417,8),(4044,417,21),(4045,418,10),(4046,418,16),(4047,418,8),(4048,418,20),(4049,419,9),(4050,419,13),(4051,419,4),(4052,420,10),(4053,420,16),(4054,420,18),(4055,420,20),(4056,421,9),(4057,421,21),(4058,422,9),(4059,422,13),(4060,422,21),(4061,423,10),(4062,423,18),(4063,423,20),(4064,423,21),(4065,424,10),(4066,424,16),(4067,424,18),(4068,424,20),(4069,425,7),(4070,425,14),(4071,426,10),(4072,427,9),(4073,428,4),(4074,428,8),(4075,428,21),(4076,429,9),(4077,429,13),(4078,429,21),(4079,430,10),(4080,430,16),(4081,430,8),(4082,430,18),(4083,430,20),(4084,431,10),(4085,431,16),(4086,431,18),(4087,431,20),(5000,501,7),(5001,501,14),(5002,502,10),(5003,502,20),(5004,502,18),(5005,502,21),(5006,503,10),(5007,503,16),(5008,503,8),(5009,503,15),(5010,503,20),(5011,503,18),(5012,503,21),(5013,504,8),(5014,505,9),(5015,505,13),(5016,505,21),(5017,506,10),(5018,506,16),(5019,506,20),(5020,506,18),(5021,506,21),(5022,507,4),(5023,508,7),(5024,509,10),(5025,509,20),(5026,509,18),(5027,509,16),(5028,509,21),(5029,510,9),(5030,510,8),(5031,510,21),(5032,511,9),(5033,511,13),(5034,511,21),(5035,512,10),(5036,512,16),(5037,512,20),(5038,512,18),(5039,512,21),(5040,513,7),(5041,513,14),(5042,514,7),(5043,514,14),(5044,515,9),(5045,516,9),(5046,516,13),(5047,516,21),(5048,517,10),(5049,517,20),(5050,517,18),(5051,518,8),(5052,518,21),(5053,519,9),(5054,519,13),(5055,519,21),(5056,520,10),(5057,520,16),(5058,520,8),(5059,520,20),(5060,520,18),(5061,520,21),(5062,521,10),(5063,521,16),(5064,521,15),(5065,521,20),(5066,521,18),(5067,522,9),(5068,523,9),(5069,523,13),(5070,523,21),(5071,524,9),(5072,525,9),(5073,526,9),(5074,527,9),(5075,528,9),(5076,528,21),(5077,529,9),(5078,529,13),(5079,529,21),(5080,530,7),(5081,530,14),(5082,531,11),(5083,531,16),(5084,531,4),(5085,531,20),(5086,531,21),(5087,536,10),(5088,536,20),(5089,536,18),(5090,532,1),(5091,532,21),(5092,533,10),(5093,534,9),(5094,534,13),(5095,535,9),(5096,537,9),(6000,601,4),(6001,601,8),(6002,601,21),(6003,602,9),(6004,603,18),(6005,604,7),(6006,604,14),(6007,605,17),(6008,606,16),(6009,607,9),(6010,607,13),(6011,608,4),(6012,608,13),(6013,608,21),(6014,609,9),(6015,609,13),(6016,609,8),(6017,609,21),(6018,610,9),(6019,611,10),(6020,611,16),(6021,611,20),(6022,611,18),(6023,611,21),(6024,612,15),(6025,612,10),(6026,613,10),(6027,613,20),(6028,613,18),(6029,613,21),(6030,614,10),(6031,614,16),(6032,614,8),(6033,614,20),(6034,614,18),(6035,614,21),(6036,615,4),(6037,615,8),(6038,615,21),(6039,616,9),(6040,617,1),(6041,618,7),(6042,618,14),(6043,619,2),(6044,620,9),(6045,621,10),(6046,621,16),(6047,621,20),(6048,621,18),(6049,621,21),(6050,622,7),(6051,622,14),(6052,623,12),(6053,624,9),(6054,625,9),(6055,626,17),(6056,626,21),(6057,627,10),(6058,627,20),(6059,627,18),(6060,627,21),(6061,628,7),(6062,628,14),(6063,629,4),(6064,630,15),(6065,630,10),(6066,631,7),(6067,631,14),(6068,632,4),(6069,632,8),(6070,632,10),(6071,632,20),(6072,632,21),(6073,633,4),(6074,634,10),(6075,634,16),(6076,634,8),(6077,634,20),(6078,634,18),(6079,635,9),(6080,635,13),(6081,635,21),(6082,636,1),(6083,637,9),(6084,637,13),(6085,637,21),(6086,638,10),(6087,638,16),(6088,638,18),(6089,638,20),(6090,639,11),(6091,639,16),(6092,639,4),(6093,639,21),(6094,640,9),(6095,641,10),(6096,641,16),(6097,641,20),(6098,641,18),(6099,642,4),(6100,642,8),(6101,642,21),(6102,643,9),(6103,644,4),(6104,644,8),(6105,644,21),(6106,645,9),(6107,647,7),(6108,648,9),(6109,648,13),(6110,648,21),(6111,649,17),(6112,649,21),(6113,650,1),(6114,651,14),(6115,651,21),(6116,652,7),(6117,653,7),(6118,653,14),(6119,654,7),(6120,655,7),(6121,656,7),(6122,645,19),(6123,623,19),(6124,637,19),(6125,627,19),(6126,609,19),(6127,635,19),(6128,614,19),(6129,621,19),(6130,611,19),(6131,625,19),(6132,649,19),(6133,608,19),(6134,640,19),(6135,602,19),(6136,657,8),(6137,658,9),(7000,701,8),(7001,701,21),(7002,702,9),(7003,703,10),(7004,703,18),(7005,703,20),(7006,703,21),(7007,704,9),(7008,705,10),(7009,705,8),(7010,705,20),(7011,705,18),(7012,706,7),(7013,706,14),(7014,707,9),(7015,707,15),(7016,708,4),(7017,708,8),(7018,708,21),(7019,709,10),(7020,709,8),(7021,709,20),(7022,709,21),(7023,710,7),(7024,710,14),(7025,711,9),(7026,711,13),(7027,711,21),(7028,712,9),(7029,712,13),(7030,712,21),(7031,713,10),(7032,713,20),(7033,713,18),(7034,714,10),(7035,714,20),(7036,714,18),(7037,715,10),(7038,715,20),(7039,715,18),(7040,715,21),(7041,716,4),(7042,716,8),(7043,717,10),(7044,717,20),(7045,717,18),(7046,718,4),(7047,718,8),(7048,718,21),(7049,719,4),(7050,719,21),(7051,719,8),(7052,720,9),(7053,721,4),(7054,721,8),(7055,721,21),(7056,722,9),(7057,722,13),(7058,722,21),(7059,723,4),(7060,723,8),(7061,723,21),(7062,724,7),(7063,724,14),(7064,725,18),(7065,725,17),(7066,725,21),(8000,801,2),(8001,802,11),(8002,802,4),(8003,802,8),(8004,802,20),(8005,802,21),(8006,803,9),(8007,803,13),(8008,803,21),(8009,804,15),(8010,804,10),(8011,805,4),(8012,806,7),(8013,807,7),(8014,807,14),(8015,808,10),(8016,809,9),(8017,810,4),(8018,810,8),(8019,810,21),(8020,811,10),(8021,811,20),(8022,812,9),(8023,813,7),(8024,814,7),(8025,814,14),(8026,815,10),(8027,815,21),(8028,816,9),(8029,817,1),(8030,818,4),(8031,818,21),(8032,819,10),(8033,819,20),(8034,819,18),(8035,820,9),(8036,821,7),(8037,821,14),(8038,822,7),(8039,823,9),(8040,824,17),(8041,824,21),(8042,825,10),(8043,826,10),(8044,826,20),(8045,826,18),(8046,827,2),(8047,828,10),(8048,829,9),(8049,830,7),(8050,831,7),(8051,832,9),(8052,833,9),(8053,834,4),(8054,834,8),(8055,835,10),(8056,835,20),(8057,835,18),(8058,836,17),(8059,836,21),(8060,837,10),(8061,837,18),(8062,837,21),(8063,838,9),(8064,838,13),(8065,839,4),(8066,840,10),(8067,840,20),(8068,840,18),(8069,840,21),(8070,841,1),(8071,842,9),(8072,843,4),(8073,844,17),(11000,1101,10),(11001,1102,10),(11002,1103,15),(11003,1103,10),(11004,1104,15),(11005,1104,10),(11006,1105,9),(11007,1106,10),(11008,1106,15),(11009,1107,15),(11010,1107,10),(11011,1108,10),(11012,1109,7),(11013,1110,10),(11014,1111,10),(11015,1112,10),(11016,1113,15),(11017,1114,7),(11018,1115,9),(11019,1116,7),(11020,1117,9),(11021,1118,10),(11022,1119,10),(11023,1120,10),(12000,1201,7),(12001,1202,10),(12002,1203,10),(12003,1204,9),(12004,1205,9),(12005,1206,10),(12006,1207,9),(12007,1208,10),(21000,2101,7),(21001,2102,9),(21002,2103,10),(21003,2104,10),(21004,2104,15),(21005,2105,9),(21006,2106,15),(21007,2106,10),(21008,2107,9),(21009,2108,10),(21010,2109,10),(22000,2201,10),(22001,2202,15),(22002,2202,10),(22003,2203,7),(22004,2204,7),(22005,2205,9),(22006,2206,9),(22007,2207,10),(22008,2208,9),(22009,2209,10),(22010,2210,9),(22011,2211,10),(31000,3101,10),(31001,3102,7),(31002,3103,10),(31003,3104,10),(31004,3105,10),(31005,3106,10),(31006,3107,10),(31007,3108,9),(31008,3109,10),(31009,3110,7),(31010,3111,10);
/*!40000 ALTER TABLE `tierherkunft` ENABLE KEYS */;
UNLOCK TABLES;

--
-- Table structure for table `users`
--

/*!40101 SET @saved_cs_client     = @@character_set_client */;
/*!40101 SET character_set_client = utf8 */;
CREATE TABLE `users` (
  `id` varchar(255) NOT NULL,
  `name` varchar(255) DEFAULT NULL,
  `email` varchar(255) DEFAULT NULL,
  `image` text DEFAULT NULL,
  `role` varchar(20) NOT NULL DEFAULT 'Besucher',
  `last_login` datetime DEFAULT current_timestamp(),
  PRIMARY KEY (`id`)
);
/*!40101 SET character_set_client = @saved_cs_client */;

--
-- Dumping data for table `users`
--

LOCK TABLES `users` WRITE;
/*!40000 ALTER TABLE `users` DISABLE KEYS */;
INSERT INTO `users` VALUES ('821692719373090846','Melanie Busse','android@melanie-busse.de','https://cdn.discordapp.com/avatars/821692719373090846/3e37dcdbffe99d7b9322bb787b8306bb.png','Direktor','2026-03-07 23:19:15');
/*!40000 ALTER TABLE `users` ENABLE KEYS */;
UNLOCK TABLES;

--
-- Table structure for table `wettbewerbe`
--

/*!40101 SET @saved_cs_client     = @@character_set_client */;
/*!40101 SET character_set_client = utf8 */;
CREATE TABLE `wettbewerbe` (
  `id` int(11) NOT NULL,
  `start` varchar(20) NOT NULL,
  `ende` varchar(20) NOT NULL,
  `tier1Id` int(11) NOT NULL,
  `tier2Id` int(11) NOT NULL,
  `tier3Id` int(11) NOT NULL,
  `farbvarianteId` int(11) DEFAULT NULL,
  `aktiv` int(11) NOT NULL,
  `tierTeilgenommenId` varchar(20) DEFAULT NULL,
  `ergebnis` varchar(20) DEFAULT NULL,
  `platz` varchar(255) DEFAULT NULL,
  UNIQUE KEY `wettbewerbe` (`id`)
);
/*!40101 SET character_set_client = @saved_cs_client */;

--
-- Dumping data for table `wettbewerbe`
--

LOCK TABLES `wettbewerbe` WRITE;
/*!40000 ALTER TABLE `wettbewerbe` DISABLE KEYS */;
INSERT INTO `wettbewerbe` VALUES (54,'20.11.2024','27.11.2024',509,128,326,0,0,NULL,NULL,NULL),(55,'13.11.2024','20.11.2024',329,227,627,712,0,NULL,NULL,NULL),(56,'06.11.2024','13.11.2024',211,331,641,0,0,NULL,NULL,NULL),(57,'30.10.2024','06.11.2024',520,714,229,521,0,NULL,NULL,NULL),(59,'23.10.2024','30.10.2024',202,107,232,0,0,NULL,NULL,NULL),(60,'27.11.2024','29.11.2024',503,304,322,712,1,'503','80','10');
/*!40000 ALTER TABLE `wettbewerbe` ENABLE KEYS */;
UNLOCK TABLES;

--
-- Table structure for table `wettbewerbfarbvarianten`
--

/*!40101 SET @saved_cs_client     = @@character_set_client */;
/*!40101 SET character_set_client = utf8 */;
CREATE TABLE `wettbewerbfarbvarianten` (
  `id` int(11) NOT NULL,
  `tierId` varchar(20) NOT NULL,
  `farbvarianteId` varchar(255) DEFAULT NULL,
  UNIQUE KEY `wettbewerbfarbvariantenindex` (`id`)
);
/*!40101 SET character_set_client = @saved_cs_client */;

--
-- Dumping data for table `wettbewerbfarbvarianten`
--

LOCK TABLES `wettbewerbfarbvarianten` WRITE;
/*!40000 ALTER TABLE `wettbewerbfarbvarianten` DISABLE KEYS */;
INSERT INTO `wettbewerbfarbvarianten` VALUES (1,'211','27'),(2,'316','35'),(3,'108','37'),(4,'112','46'),(5,'712','62'),(6,'521','64'),(7,'223','66'),(8,'641','79'),(9,'229','83');
/*!40000 ALTER TABLE `wettbewerbfarbvarianten` ENABLE KEYS */;
UNLOCK TABLES;

--
-- Table structure for table `wettbewerbstatuen`
--

/*!40101 SET @saved_cs_client     = @@character_set_client */;
/*!40101 SET character_set_client = utf8 */;
CREATE TABLE `wettbewerbstatuen` (
  `id` int(11) NOT NULL,
  `tierId` varchar(20) NOT NULL,
  `preis` int(20) DEFAULT NULL,
  `preisartId` int(20) DEFAULT NULL,
  `popularitaet` int(20) DEFAULT NULL,
  `verkaufspreis` int(20) DEFAULT NULL,
  `bild` varchar(255) DEFAULT NULL,
  UNIQUE KEY `wettbewerbstatuenindex` (`id`)
);
/*!40101 SET character_set_client = @saved_cs_client */;

--
-- Dumping data for table `wettbewerbstatuen`
--

LOCK TABLES `wettbewerbstatuen` WRITE;
/*!40000 ALTER TABLE `wettbewerbstatuen` DISABLE KEYS */;
INSERT INTO `wettbewerbstatuen` VALUES (1,'502',100,1,1000,10000,'statue-afrikanischer-elefant.jpg'),(2,'401',100,1,1000,10000,'statue-afrikanischer-esel.jpg'),(3,'503',100,1,1000,10000,'statue-afrikanische-strauss.jpg'),(4,'402',100,1,1000,10000,'statue-alpaka.jpg'),(5,'202',100,1,1000,10000,'statue-amerikanischer-bison.jpg'),(6,'304',100,1,1000,10000,'statue-blauschopf-krontaube.jpg'),(7,'506',100,1,1000,10000,'statue-breitmaulnashorn.jpg'),(8,'703',100,1,1000,10000,'statue-eisbaer.jpg'),(9,'308',100,1,1000,10000,'statue-elch.jpg'),(10,'509',100,1,1000,10000,'statue-erdferkel.jpg'),(11,'310',100,1,1000,10000,'statue-europaeischer-dachs.jpg'),(12,'211',100,1,1000,10000,'statue-flamingo.jpg'),(13,'512',100,1,1000,10000,'statue-flusspferd.jpg'),(14,'611',100,1,1000,10000,'statue-grosse-anaconda.jpg'),(15,'107',100,1,1000,10000,'statue-grosser-panda.jpg'),(16,'216',100,1,1000,10000,'statue-guerteltier.jpg'),(17,'108',100,1,1000,10000,'statue-hase.jpg'),(18,'109',100,1,1000,10000,'statue-hausschwein.jpg'),(19,'110',100,1,1000,10000,'statue-hausziege.jpg'),(20,'614',100,1,1000,10000,'statue-hellroter-ara.jpg'),(21,'709',100,1,1000,10000,'statue-kaiserpinguin.jpg'),(22,'322',100,1,1000,10000,'statue-koala.jpg'),(23,'418',100,1,1000,10000,'statue-kodiakbaer.jpg'),(24,'621',100,1,1000,10000,'statue-komodowaran.jpg'),(25,'520',100,1,1000,10000,'statue-loewe.jpg'),(26,'420',100,1,1000,10000,'statue-luchs.jpg'),(27,'627',100,1,1000,10000,'statue-mandrill.jpg'),(28,'324',100,1,1000,10000,'statue-mondbaer.jpg'),(29,'521',100,1,1000,10000,'statue-netzgiraffe.jpg'),(30,'634',100,1,1000,10000,'statue-nilkrokodil.jpg'),(31,'326',100,1,1000,10000,'statue-okapi.jpg'),(32,'423',100,1,1000,10000,'statue-ozelot.jpg'),(33,'638',100,1,1000,10000,'statue-panter.jpg'),(34,'424',100,1,1000,10000,'statue-pavian.jpg'),(35,'224',100,1,1000,10000,'statue-pfau.jpg'),(36,'124',100,1,1000,10000,'statue-pferd.jpg'),(37,'713',100,1,1000,10000,'statue-polarfuchs.jpg'),(38,'714',100,1,1000,10000,'statue-polarwolf.jpg'),(39,'227',100,1,1000,10000,'statue-riesen-schildkroete.jpg'),(40,'641',100,1,1000,10000,'statue-riesentukan.jpg'),(41,'329',100,1,1000,10000,'statue-roter-panda.jpg'),(42,'229',100,1,1000,10000,'statue-rotes-riesenkaenguru.jpg'),(43,'331',100,1,1000,10000,'statue-rotfuchs.jpg'),(44,'128',100,1,1000,10000,'statue-schaf.jpg'),(45,'332',100,1,1000,10000,'statue-schimpanse.jpg'),(46,'717',100,1,1000,10000,'statue-schneehase.jpg'),(47,'232',100,1,1000,10000,'statue-sekretaer.jpg'),(48,'237',100,1,1000,10000,'statue-steppenzebra.jpg'),(49,'136',100,1,1000,10000,'statue-tapir.jpg'),(50,'430',100,1,1000,10000,'statue-weisskopfadler.jpg'),(51,'340',100,1,1000,10000,'statue-wildschwein.jpg'),(52,'431',100,1,1000,10000,'statue-wolf.jpg');
/*!40000 ALTER TABLE `wettbewerbstatuen` ENABLE KEYS */;
UNLOCK TABLES;

--
-- Table structure for table `xp`
--

/*!40101 SET @saved_cs_client     = @@character_set_client */;
/*!40101 SET character_set_client = utf8 */;
CREATE TABLE `xp` (
  `id` int(11) NOT NULL,
  `tierId` int(11) NOT NULL,
  `xpart` varchar(20) NOT NULL,
  `wert` int(11) DEFAULT NULL,
  `zeit` int(11) DEFAULT NULL,
  UNIQUE KEY `xpindex` (`id`)
);
/*!40101 SET character_set_client = @saved_cs_client */;

--
-- Dumping data for table `xp`
--

LOCK TABLES `xp` WRITE;
/*!40000 ALTER TABLE `xp` DISABLE KEYS */;
INSERT INTO `xp` VALUES (1000,101,'0',243,613),(1001,101,'1',363,919),(1002,101,'2',121,304),(1003,102,'0',0,0),(1004,102,'1',0,0),(1005,102,'2',0,0),(1006,103,'0',98,284),(1007,103,'1',292,292),(1008,103,'2',195,565),(1009,104,'0',83,289),(1010,104,'1',165,165),(1011,104,'2',247,867),(1012,105,'0',495,803),(1013,105,'1',743,743),(1014,105,'2',248,401),(1015,106,'0',173,589),(1016,106,'1',87,87),(1017,106,'2',260,884),(1018,107,'0',60,360),(1019,107,'1',40,40),(1020,107,'2',20,120),(1021,108,'0',8,142),(1022,108,'1',3,3),(1023,108,'2',6,95),(1024,109,'0',6,67),(1025,109,'1',12,12),(1026,109,'2',18,200),(1027,110,'0',4,47),(1028,110,'1',8,8),(1029,110,'2',12,142),(1030,111,'0',353,912),(1031,111,'1',118,118),(1032,111,'2',235,607),(1033,112,'0',428,1025),(1034,112,'1',143,143),(1035,112,'2',285,684),(1036,113,'0',150,597),(1037,113,'1',224,224),(1038,113,'2',75,299),(1039,114,'0',55,365),(1040,114,'1',83,83),(1041,114,'2',28,184),(1042,115,'0',129,262),(1043,115,'1',388,388),(1044,115,'2',259,525),(1045,116,'0',124,352),(1046,116,'1',186,186),(1047,116,'2',62,235),(1048,117,'0',149,313),(1049,117,'1',448,448),(1050,117,'2',299,646),(1051,118,'0',371,722),(1052,118,'1',556,556),(1053,118,'2',185,360),(1054,119,'0',94,395),(1055,119,'1',140,140),(1056,119,'2',47,197),(1057,120,'0',103,288),(1058,120,'1',309,309),(1059,120,'2',206,576),(1060,121,'0',325,399),(1061,121,'1',974,974),(1062,121,'2',650,797),(1063,122,'0',56,227),(1064,122,'1',111,111),(1065,122,'2',167,679),(1066,123,'0',319,877),(1067,123,'1',213,213),(1068,123,'2',107,292),(1069,124,'0',7,59),(1070,124,'1',20,20),(1071,124,'2',14,115),(1072,125,'0',159,305),(1073,125,'1',319,319),(1074,125,'2',477,917),(1075,126,'0',42,235),(1076,126,'1',83,83),(1077,126,'2',124,707),(1078,127,'0',406,745),(1079,127,'1',203,203),(1080,127,'2',609,1119),(1081,128,'0',20,189),(1082,128,'1',10,10),(1083,128,'2',30,284),(1084,129,'0',96,365),(1085,129,'1',138,138),(1086,129,'2',46,184),(1087,130,'0',224,597),(1088,130,'1',336,336),(1089,130,'2',112,299),(1090,131,'0',415,970),(1091,131,'1',277,277),(1092,131,'2',139,324),(1093,132,'0',45,180),(1094,132,'1',132,132),(1095,132,'2',88,359),(1096,133,'0',61,257),(1097,133,'1',183,183),(1098,133,'2',122,512),(1099,134,'0',69,269),(1100,134,'1',137,137),(1101,134,'2',206,807),(1102,135,'0',156,565),(1103,135,'1',235,235),(1104,135,'2',79,284),(1105,136,'0',47,209),(1106,136,'1',139,139),(1107,136,'2',93,417),(1108,137,'0',200,622),(1109,137,'1',300,300),(1110,137,'2',101,312),(1111,138,'0',24,142),(1112,138,'1',47,47),(1113,138,'2',70,425),(1114,139,'0',37,166),(1115,139,'1',117,117),(1116,139,'2',74,333),(1117,140,'0',0,0),(1118,140,'1',0,0),(1119,140,'2',0,0),(1120,141,'0',192,562),(1121,141,'1',97,282),(1122,141,'2',288,844),(1200,101,'3',5000,0),(2000,201,'0',182,550),(2001,201,'1',273,825),(2002,201,'2',91,275),(2003,202,'0',68,200),(2004,202,'1',202,600),(2005,202,'2',135,400),(2006,203,'0',90,298),(2007,203,'1',269,894),(2008,203,'2',179,596),(2009,204,'0',187,650),(2010,204,'1',281,975),(2011,204,'2',94,324),(2012,205,'0',98,377),(2013,205,'1',147,565),(2014,205,'2',49,189),(2015,206,'0',27,154),(2016,206,'1',81,459),(2017,206,'2',54,305),(2018,207,'0',186,775),(2019,207,'1',62,259),(2020,207,'2',124,517),(2021,208,'0',369,947),(2022,208,'1',246,619),(2023,208,'2',123,309),(2024,209,'0',153,335),(2025,209,'1',305,670),(2026,209,'2',457,1005),(2027,210,'0',717,1187),(2028,210,'1',239,395),(2029,210,'2',478,792),(2030,211,'0',46,412),(2031,211,'1',31,275),(2032,211,'2',16,137),(2033,212,'0',102,257),(2034,212,'1',203,512),(2035,212,'2',203,512),(2036,213,'0',190,327),(2037,213,'1',379,654),(2038,213,'2',569,980),(2039,214,'0',77,447),(2040,214,'1',52,299),(2041,214,'2',26,149),(2042,215,'0',200,622),(2043,215,'1',101,312),(2044,215,'2',300,934),(2045,216,'0',72,327),(2046,216,'1',108,490),(2047,216,'2',36,164),(2048,217,'0',116,329),(2049,217,'1',231,657),(2050,217,'2',231,657),(2051,218,'0',121,357),(2052,218,'1',242,715),(2053,218,'2',362,1072),(2054,219,'0',230,685),(2055,219,'1',77,229),(2056,219,'2',153,457),(2057,220,'0',213,664),(2058,220,'1',142,442),(2059,220,'2',71,222),(2060,221,'0',88,270),(2061,221,'1',262,812),(2062,221,'2',175,542),(2063,222,'0',450,1000),(2064,222,'1',150,334),(2065,222,'2',300,667),(2066,223,'0',242,550),(2067,223,'1',363,825),(2068,223,'2',121,275),(2069,224,'0',24,177),(2070,224,'1',36,265),(2071,224,'2',12,89),(2072,225,'0',101,432),(2073,225,'1',51,217),(2074,225,'2',151,649),(2075,226,'0',142,557),(2076,226,'1',48,185),(2077,226,'2',95,372),(2078,227,'0',10,75),(2079,227,'1',28,224),(2080,227,'2',19,149),(2081,228,'0',213,585),(2082,228,'1',319,877),(2083,228,'2',107,292),(2084,229,'0',33,300),(2085,229,'1',11,100),(2086,229,'2',22,200),(2087,230,'0',130,479),(2088,230,'1',195,721),(2089,230,'2',65,239),(2090,231,'0',78,259),(2091,231,'1',233,775),(2092,231,'2',155,517),(2093,232,'0',95,250),(2094,232,'1',285,749),(2095,232,'2',190,499),(2096,233,'0',89,244),(2097,233,'1',178,485),(2098,233,'2',266,729),(2099,234,'0',0,0),(2100,234,'1',0,0),(2101,234,'2',0,0),(2102,235,'0',759,1212),(2103,235,'1',253,404),(2104,235,'2',507,809),(2105,236,'0',97,252),(2106,236,'1',291,755),(2107,236,'2',194,504),(2108,237,'0',64,374),(2109,237,'1',43,250),(2110,237,'2',22,125),(2111,238,'0',291,921),(2112,238,'1',97,306),(2113,238,'2',194,614),(2114,239,'0',319,612),(2115,239,'1',159,305),(2116,239,'2',477,917),(2117,240,'0',36,235),(2118,240,'1',71,472),(2119,240,'2',106,707),(2120,241,'0',260,884),(2121,241,'1',173,589),(2122,241,'2',87,295),(3000,301,'0',462,905),(3001,301,'1',154,302),(3002,301,'2',308,604),(3003,302,'0',405,860),(3004,302,'1',270,574),(3005,302,'2',135,287),(3006,303,'0',336,895),(3007,303,'1',112,299),(3008,303,'2',224,597),(3009,304,'0',138,467),(3010,304,'1',69,234),(3011,304,'2',207,700),(3012,305,'0',0,0),(3013,305,'1',0,0),(3014,305,'2',0,0),(3015,306,'0',99,254),(3016,306,'1',298,762),(3017,306,'2',199,509),(3018,307,'0',113,325),(3019,307,'1',225,650),(3020,307,'2',337,975),(3021,308,'0',108,447),(3022,308,'1',36,149),(3023,308,'2',72,299),(3024,309,'0',78,259),(3025,309,'1',155,517),(3026,309,'2',233,775),(3027,310,'0',134,432),(3028,310,'1',170,217),(3029,310,'2',201,649),(3030,311,'0',69,365),(3031,311,'1',35,184),(3032,311,'2',103,549),(3033,312,'0',375,934),(3034,312,'1',126,312),(3035,312,'2',250,622),(3036,313,'0',40,170),(3037,313,'1',118,510),(3038,313,'2',79,340),(3039,314,'0',118,549),(3040,314,'1',79,365),(3041,314,'2',40,184),(3042,315,'0',369,927),(3043,315,'1',246,619),(3044,315,'2',123,309),(3045,316,'0',104,480),(3046,316,'1',35,160),(3047,316,'2',69,320),(3048,317,'0',629,788),(3049,317,'1',314,394),(3050,317,'2',943,1170),(3051,318,'0',0,0),(3052,318,'1',0,0),(3053,318,'2',0,0),(3054,319,'0',304,860),(3055,319,'1',203,574),(3056,319,'2',102,287),(3057,320,'0',250,622),(3058,320,'1',126,312),(3059,320,'2',375,934),(3060,321,'0',36,223),(3061,321,'1',72,446),(3062,321,'2',108,679),(3063,322,'0',26,222),(3064,322,'1',39,332),(3065,322,'2',13,110),(3066,323,'0',93,277),(3067,323,'1',185,554),(3068,323,'2',278,830),(3069,324,'0',70,204),(3070,324,'1',139,405),(3071,324,'2',209,609),(3072,325,'0',166,375),(3073,325,'1',332,752),(3074,325,'2',497,1127),(3075,326,'0',153,575),(3076,326,'1',102,384),(3077,326,'2',51,192),(3078,327,'0',128,664),(3079,327,'1',85,442),(3080,327,'2',43,222),(3081,328,'0',537,1068),(3082,328,'1',180,356),(3083,328,'2',358,711),(3084,329,'0',169,500),(3085,329,'1',113,334),(3086,329,'2',57,167),(3087,330,'0',120,412),(3088,330,'1',60,205),(3089,330,'2',179,617),(3090,331,'0',24,134),(3091,331,'1',48,267),(3092,331,'2',72,400),(3093,332,'0',16,164),(3094,332,'1',8,82),(3095,332,'2',24,245),(3096,333,'0',393,949),(3097,333,'1',131,317),(3098,333,'2',261,632),(3099,334,'0',75,254),(3100,334,'1',149,509),(3101,334,'2',223,762),(3102,335,'0',300,386),(3103,335,'1',901,1161),(3104,335,'2',601,774),(3105,336,'0',100,285),(3106,336,'1',299,855),(3107,336,'2',199,570),(3108,337,'0',43,177),(3109,337,'1',85,354),(3110,337,'2',127,529),(3111,338,'0',275,417),(3112,338,'1',550,834),(3113,338,'2',824,1249),(3114,339,'0',190,499),(3115,339,'1',285,749),(3116,339,'2',95,250),(3117,340,'0',12,105),(3118,340,'1',24,210),(3119,340,'2',36,317),(3120,341,'0',88,316),(3121,341,'1',174,631),(3122,341,'2',261,948),(3123,342,'0',127,314),(3124,342,'1',254,625),(3125,342,'2',381,939),(3126,343,'0',168,582),(3127,343,'1',252,872),(3128,343,'2',84,290),(4000,401,'0',109,422),(4001,401,'1',163,632),(4002,401,'2',54,210),(4003,402,'0',103,549),(4004,402,'1',69,365),(4005,402,'2',35,184),(4006,403,'0',631,789),(4007,403,'1',947,1184),(4008,403,'2',316,395),(4009,404,'0',85,469),(4010,404,'1',29,157),(4011,404,'2',57,314),(4012,405,'0',757,789),(4013,405,'1',380,395),(4014,405,'2',1136,1184),(4015,406,'0',366,719),(4016,406,'1',183,359),(4017,406,'2',550,1077),(4018,407,'0',254,625),(4019,407,'1',381,939),(4020,407,'2',127,314),(4021,408,'0',170,314),(4022,408,'1',338,625),(4023,408,'2',507,939),(4024,409,'0',289,589),(4025,409,'1',433,884),(4026,409,'2',145,295),(4027,410,'0',95,250),(4028,410,'1',190,499),(4029,410,'2',285,749),(4030,411,'0',400,666),(4031,411,'1',600,999),(4032,411,'2',200,333),(4033,412,'0',190,585),(4034,412,'1',284,877),(4035,412,'2',95,292),(4036,413,'0',288,844),(4037,413,'1',192,562),(4038,413,'2',97,282),(4039,414,'0',602,1209),(4040,414,'1',201,404),(4041,414,'2',201,404),(4042,415,'0',147,520),(4043,415,'1',49,174),(4044,415,'2',98,347),(4045,416,'0',44,204),(4046,416,'1',87,405),(4047,416,'2',131,609),(4048,417,'0',124,655),(4049,417,'1',42,219),(4050,417,'2',83,437),(4051,418,'0',27,129),(4052,418,'1',55,259),(4053,418,'2',82,387),(4054,419,'0',107,177),(4055,419,'1',212,354),(4056,419,'2',317,529),(4057,420,'0',99,314),(4058,420,'1',50,157),(4059,420,'2',148,469),(4060,421,'0',192,365),(4061,421,'1',384,730),(4062,421,'2',575,1095),(4063,422,'0',77,257),(4064,422,'1',152,512),(4065,422,'2',228,769),(4066,423,'0',65,240),(4067,423,'1',130,480),(4068,423,'2',195,722),(4069,424,'0',74,377),(4070,424,'1',37,189),(4071,424,'2',111,565),(4072,425,'0',211,520),(4073,425,'1',317,782),(4074,425,'2',106,260),(4075,426,'0',325,884),(4076,426,'1',109,295),(4077,426,'2',217,589),(4078,427,'0',238,545),(4079,427,'1',356,819),(4080,427,'2',119,274),(4081,428,'0',450,1087),(4082,428,'1',150,362),(4083,428,'2',301,725),(4084,429,'0',117,270),(4085,429,'1',233,542),(4086,429,'2',350,812),(4087,430,'0',41,142),(4088,430,'1',122,425),(4089,430,'2',81,284),(4090,431,'0',30,170),(4091,431,'1',59,340),(4092,431,'2',88,510),(5000,501,'0',438,889),(5001,501,'1',146,297),(5002,501,'2',292,594),(5003,502,'0',55,196),(5004,502,'1',109,395),(5005,502,'2',163,592),(5006,503,'0',47,305),(5007,503,'1',71,449),(5008,503,'2',24,154),(5009,504,'0',81,425),(5010,504,'1',54,284),(5011,504,'2',27,142),(5012,505,'0',168,600),(5013,505,'1',112,400),(5014,505,'2',56,200),(5015,506,'0',132,358),(5016,506,'1',198,539),(5017,506,'2',67,180),(5018,507,'0',132,529),(5019,507,'1',198,794),(5020,507,'2',66,265),(5021,508,'0',470,708),(5022,508,'1',706,1063),(5023,508,'2',236,354),(5024,509,'0',164,670),(5025,509,'1',55,224),(5026,509,'2',109,447),(5027,510,'0',63,389),(5028,510,'1',32,195),(5029,510,'2',95,584),(5030,511,'0',54,327),(5031,511,'1',81,490),(5032,511,'2',27,164),(5033,512,'0',102,384),(5034,512,'1',51,192),(5035,512,'2',153,575),(5036,513,'0',591,1200),(5037,513,'1',394,800),(5038,513,'2',197,400),(5039,514,'0',390,660),(5040,514,'1',585,990),(5041,514,'2',195,330),(5042,515,'0',93,277),(5043,515,'1',185,554),(5044,515,'2',278,830),(5045,516,'0',107,319),(5046,516,'1',213,637),(5047,516,'2',318,954),(5048,517,'0',532,692),(5049,517,'1',798,1039),(5050,517,'2',266,346),(5051,518,'0',100,472),(5052,518,'1',149,707),(5053,518,'2',50,235),(5054,519,'0',247,794),(5055,519,'1',165,529),(5056,519,'2',83,265),(5057,520,'0',29,145),(5058,520,'1',57,290),(5059,520,'2',86,437),(5060,521,'0',98,347),(5061,521,'1',147,520),(5062,521,'2',49,174),(5063,522,'0',460,702),(5064,522,'1',231,352),(5065,522,'2',690,1054),(5066,523,'0',90,412),(5067,523,'1',135,617),(5068,523,'2',45,205),(5069,524,'0',513,1140),(5070,524,'1',171,380),(5071,524,'2',342,760),(5072,525,'0',613,780),(5073,525,'1',307,390),(5074,525,'2',919,1170),(5075,526,'0',76,279),(5076,526,'1',226,837),(5077,526,'2',151,559),(5078,527,'0',500,934),(5079,527,'1',333,622),(5080,527,'2',167,312),(5081,528,'0',40,170),(5082,528,'1',118,510),(5083,528,'2',79,340),(5084,529,'0',235,640),(5085,529,'1',157,427),(5086,529,'2',79,214),(5087,530,'0',95,422),(5088,530,'1',143,632),(5089,530,'2',48,210),(5090,531,'0',160,729),(5091,531,'1',106,485),(5092,531,'2',53,244),(5093,532,'0',199,570),(5094,532,'1',100,285),(5095,532,'2',299,855),(5096,533,'0',75,227),(5097,533,'1',224,679),(5098,533,'2',150,452),(5099,534,'0',131,317),(5100,534,'1',392,949),(5101,534,'2',261,632),(5102,535,'0',206,629),(5103,535,'1',309,944),(5104,535,'2',104,315),(5105,536,'0',154,302),(5106,536,'1',462,905),(5107,536,'2',308,604),(5108,537,'0',179,597),(5109,537,'1',90,299),(5110,537,'2',269,895),(6000,601,'0',455,700),(6001,601,'1',228,350),(6002,601,'2',682,1049),(6003,602,'0',217,382),(6004,602,'1',433,764),(6005,602,'2',649,1145),(6006,603,'0',42,200),(6007,603,'1',84,400),(6008,603,'2',126,600),(6009,604,'0',0,366),(6010,604,'1',388,733),(6011,604,'2',582,1099),(6012,605,'0',124,472),(6013,605,'1',186,707),(6014,605,'2',62,235),(6015,606,'0',1042,1225),(6016,606,'1',348,409),(6017,606,'2',695,817),(6018,607,'0',150,452),(6019,607,'1',75,227),(6020,607,'2',224,679),(6021,608,'0',132,539),(6022,608,'1',88,359),(6023,608,'2',45,180),(6024,609,'0',123,367),(6025,609,'1',185,625),(6026,609,'2',62,209),(6027,610,'0',103,289),(6028,610,'1',309,867),(6029,610,'2',206,577),(6030,611,'0',71,185),(6031,611,'1',213,557),(6032,611,'2',143,372),(6033,612,'0',0,508),(6034,612,'1',75,254),(6035,612,'2',225,762),(6036,613,'0',200,334),(6037,613,'1',600,1000),(6038,613,'2',400,667),(6039,614,'0',78,480),(6040,614,'1',52,320),(6041,614,'2',26,160),(6042,615,'0',441,769),(6043,615,'1',221,385),(6044,615,'2',662,1154),(6045,616,'0',61,257),(6046,616,'1',183,769),(6047,616,'2',122,512),(6048,617,'0',371,1009),(6049,617,'1',124,336),(6050,617,'2',247,673),(6051,618,'0',202,800),(6052,618,'1',68,267),(6053,618,'2',135,534),(6054,619,'0',513,943),(6055,619,'1',171,314),(6056,619,'2',342,628),(6057,620,'0',129,315),(6058,620,'1',386,944),(6059,620,'2',257,629),(6060,621,'0',79,214),(6061,621,'1',157,427),(6062,621,'2',235,640),(6063,622,'0',58,204),(6064,622,'1',116,405),(6065,622,'2',174,609),(6066,623,'0',23,167),(6067,623,'1',45,334),(6068,623,'2',68,500),(6069,624,'0',189,559),(6070,624,'1',283,837),(6071,624,'2',94,279),(6072,625,'0',162,574),(6073,625,'1',81,287),(6074,625,'2',243,860),(6075,626,'0',606,777),(6076,626,'1',303,389),(6077,626,'2',910,1167),(6078,627,'0',323,787),(6079,627,'1',108,262),(6080,627,'2',216,525),(6081,628,'0',1022,1217),(6082,628,'1',341,405),(6083,628,'2',682,812),(6084,629,'0',86,269),(6085,629,'1',258,807),(6086,629,'2',172,537),(6087,630,'0',90,287),(6088,630,'1',180,574),(6089,630,'2',180,574),(6090,631,'0',328,619),(6091,631,'1',492,927),(6092,631,'2',164,309),(6093,632,'0',470,787),(6094,632,'1',235,394),(6095,632,'2',703,1179),(6096,633,'0',155,517),(6097,633,'1',78,259),(6098,633,'2',233,775),(6099,634,'0',79,195),(6100,634,'1',237,584),(6101,634,'2',158,389),(6102,635,'0',95,422),(6103,635,'1',143,632),(6104,635,'2',48,210),(6105,636,'0',272,414),(6106,636,'1',815,1244),(6107,636,'2',543,839),(6108,637,'0',273,644),(6109,637,'1',137,322),(6110,637,'2',409,965),(6111,638,'0',64,177),(6112,638,'1',191,529),(6113,638,'2',128,354),(6114,639,'0',36,188),(6115,639,'1',110,564),(6116,639,'2',73,376),(6117,640,'0',593,995),(6118,640,'1',198,332),(6119,640,'2',395,664),(6120,641,'0',60,205),(6121,641,'1',120,412),(6122,641,'2',179,617),(6123,642,'0',1061,1234),(6124,642,'1',355,412),(6125,642,'2',707,822),(6126,643,'0',182,550),(6127,643,'1',273,825),(6128,643,'2',91,275),(6129,644,'0',669,1159),(6130,644,'1',224,387),(6131,644,'2',446,952),(6132,645,'0',559,755),(6133,645,'1',279,377),(6134,645,'2',838,1132),(6135,647,'0',233,775),(6136,647,'1',78,259),(6137,647,'2',155,517),(6138,648,'0',194,504),(6139,648,'1',97,252),(6140,648,'2',291,755),(6141,649,'0',1189,837),(6142,649,'1',126,559),(6143,649,'2',63,279),(6144,650,'0',485,1029),(6145,650,'1',323,686),(6146,650,'2',162,343),(6147,651,'0',82,395),(6148,651,'1',41,197),(6149,651,'2',123,592),(6150,652,'0',0,0),(6151,652,'1',0,0),(6152,652,'2',0,0),(6153,653,'0',49,174),(6154,653,'1',98,347),(6155,653,'2',147,520),(6156,654,'0',0,0),(6157,654,'1',0,0),(6158,654,'2',0,0),(6159,655,'0',0,0),(6160,655,'1',0,0),(6161,655,'2',0,0),(6162,656,'0',0,0),(6163,656,'1',0,0),(6164,656,'2',0,0),(6165,657,'0',104,480),(6166,657,'1',52,240),(6167,657,'2',156,722),(6168,658,'0',0,660),(6169,658,'1',0,330),(6170,658,'2',0,990),(7000,701,'0',41,197),(7001,701,'1',123,592),(7002,701,'2',82,395),(7003,702,'0',342,760),(7004,702,'1',513,1140),(7005,702,'2',171,380),(7006,703,'0',236,694),(7007,703,'1',157,462),(7008,703,'2',79,232),(7009,704,'0',97,282),(7010,704,'1',192,562),(7011,704,'2',288,844),(7012,705,'0',403,959),(7013,705,'1',269,640),(7014,705,'2',135,320),(7015,706,'0',501,725),(7016,706,'1',250,362),(7017,706,'2',750,1087),(7018,707,'0',90,299),(7019,707,'1',179,597),(7020,707,'2',269,895),(7021,708,'0',349,705),(7022,708,'1',175,354),(7023,708,'2',524,1059),(7024,709,'0',164,735),(7025,709,'1',55,245),(7026,709,'2',109,490),(7027,710,'0',247,706),(7028,710,'1',165,471),(7029,710,'2',83,234),(7030,711,'0',280,582),(7031,711,'1',419,872),(7032,711,'2',140,290),(7033,712,'0',380,1020),(7034,712,'1',253,680),(7035,712,'2',127,340),(7036,713,'0',85,239),(7037,713,'1',170,477),(7038,713,'2',254,714),(7039,714,'0',298,762),(7040,714,'1',199,522),(7041,714,'2',99,254),(7042,715,'0',158,545),(7043,715,'1',237,819),(7044,715,'2',80,274),(7045,716,'0',70,247),(7046,716,'1',140,495),(7047,716,'2',209,742),(7048,717,'0',104,655),(7049,717,'1',69,437),(7050,717,'2',35,219),(7051,718,'0',106,260),(7052,718,'1',317,782),(7053,718,'2',211,520),(7054,719,'0',165,345),(7055,719,'1',329,690),(7056,719,'2',493,1035),(7057,720,'0',243,615),(7058,720,'1',363,922),(7059,720,'2',121,307),(7060,721,'0',455,900),(7061,721,'1',152,300),(7062,721,'2',303,600),(7063,722,'0',93,247),(7064,722,'1',186,495),(7065,722,'2',279,742),(7066,723,'0',267,742),(7067,723,'1',134,372),(7068,723,'2',401,1114),(7069,724,'0',338,625),(7070,724,'1',507,937),(7071,724,'2',170,314),(7072,725,'0',127,314),(7073,725,'1',254,625),(7074,725,'2',381,939),(7075,726,'0',209,742),(7076,726,'1',140,495),(7077,726,'2',70,247),(7078,727,'0',100,285),(7079,727,'1',199,570),(7080,727,'2',299,855),(7081,728,'0',167,742),(7082,728,'1',112,495),(7083,728,'2',56,247),(7084,729,'0',50,235),(7085,729,'1',149,707),(7086,729,'2',100,472),(7087,731,'0',0,0),(7088,731,'1',0,0),(7089,731,'2',0,0),(7090,732,'0',0,325),(7091,732,'1',0,975),(7092,732,'2',0,650),(8000,801,'0',0,0),(8001,801,'1',0,0),(8002,801,'2',0,0),(8003,802,'0',98,284),(8004,802,'1',98,565),(8005,802,'2',293,849),(8006,803,'0',417,677),(8007,803,'1',417,1015),(8008,803,'2',209,339),(8009,804,'0',277,905),(8010,804,'1',277,604),(8011,804,'2',93,302),(8012,805,'0',56,267),(8013,805,'1',56,800),(8014,805,'2',112,534),(8015,806,'0',682,1049),(8016,806,'1',682,700),(8017,806,'2',228,350),(8018,807,'0',150,334),(8019,807,'1',150,667),(8020,807,'2',450,1000),(8021,808,'0',76,279),(8022,808,'1',76,787),(8023,808,'2',151,559),(8024,809,'0',258,407),(8025,809,'1',258,814),(8026,809,'2',775,1220),(8027,810,'0',94,279),(8028,810,'1',94,559),(8029,810,'2',283,837),(8030,811,'0',180,356),(8031,811,'1',180,1071),(8032,811,'2',362,714),(8033,812,'0',412,867),(8034,812,'1',412,577),(8035,812,'2',137,289),(8036,813,'0',334,894),(8037,813,'1',334,298),(8038,813,'2',223,596),(8039,814,'0',437,384),(8040,814,'1',437,1149),(8041,814,'2',874,767),(8042,815,'0',0,564),(8043,815,'1',0,848),(8044,815,'2',66,283),(8045,816,'0',189,559),(8046,816,'1',189,279),(8047,816,'2',283,837),(8048,817,'0',309,391),(8049,817,'1',309,783),(8050,817,'2',926,1174),(8051,818,'0',553,647),(8052,818,'1',553,324),(8053,818,'2',830,970),(8054,819,'0',115,537),(8055,819,'1',115,807),(8056,819,'2',58,269),(8057,820,'0',309,414),(8058,820,'1',309,827),(8059,820,'2',926,1242),(8060,821,'0',666,694),(8061,821,'1',666,1040),(8062,821,'2',333,347),(8063,822,'0',591,663),(8064,822,'1',591,994),(8065,822,'2',295,331),(8066,823,'0',492,1122),(8067,823,'1',492,374),(8068,823,'2',328,749),(8069,824,'0',213,637),(8070,824,'1',213,954),(8071,824,'2',107,319),(8072,825,'0',377,837),(8073,825,'1',377,559),(8074,825,'2',126,279),(8075,826,'0',484,922),(8076,826,'1',484,615),(8077,826,'2',161,307),(8078,827,'0',0,0),(8079,827,'1',0,0),(8080,827,'2',0,0),(8081,828,'0',189,559),(8082,828,'1',189,787),(8083,828,'2',94,279),(8084,829,'0',375,837),(8085,829,'1',375,559),(8086,829,'2',125,279),(8087,830,'0',567,979),(8088,830,'1',567,326),(8089,830,'2',376,653),(8090,831,'0',0,0),(8091,831,'1',0,0),(8092,831,'2',0,0),(8093,832,'0',189,559),(8094,832,'1',189,837),(8095,832,'2',94,279),(8096,833,'0',228,600),(8097,833,'1',228,900),(8098,833,'2',114,300),(8099,834,'0',61,275),(8100,834,'1',61,550),(8101,834,'2',182,825),(8102,835,'0',460,352),(8103,835,'1',460,1054),(8104,835,'2',231,352),(8105,836,'0',379,727),(8106,836,'1',379,1092),(8107,836,'2',190,364),(8108,837,'0',372,974),(8109,837,'1',372,649),(8110,837,'2',131,324),(8111,838,'0',209,317),(8112,838,'1',209,949),(8113,838,'2',417,632),(8114,839,'0',88,447),(8115,839,'1',88,670),(8116,839,'2',44,224),(8117,840,'0',205,577),(8118,840,'1',205,867),(8119,840,'2',103,289),(8120,841,'0',257,684),(8121,841,'1',257,1025),(8122,841,'2',129,342),(8123,842,'0',448,895),(8124,842,'1',448,298),(8125,842,'2',299,597),(8126,843,'0',64,239),(8127,843,'1',64,714),(8128,843,'2',127,477),(8129,844,'0',164,735),(8130,844,'1',164,490),(8131,844,'2',55,245),(8132,845,'0',114,499),(8133,845,'1',57,250),(8134,845,'2',171,749),(8135,846,'0',0,0),(8136,846,'1',0,0),(8137,846,'2',0,0),(11000,1101,'0',240,667),(11001,1101,'1',360,1000),(11002,1101,'2',120,334),(11003,1102,'0',171,585),(11004,1102,'1',256,877),(11005,1102,'2',85,292),(11006,1103,'0',160,570),(11007,1103,'1',239,855),(11008,1103,'2',80,285),(11009,1104,'0',89,273),(11010,1104,'1',267,818),(11011,1104,'2',178,544),(11012,1105,'0',129,316),(11013,1105,'1',257,629),(11014,1105,'2',386,944),(11015,1106,'0',31,192),(11016,1106,'1',92,576),(11017,1106,'2',61,384),(11018,1107,'0',90,298),(11019,1107,'1',179,596),(11020,1107,'2',269,894),(11021,1108,'0',283,837),(11022,1108,'1',189,559),(11023,1108,'2',94,279),(11024,1109,'0',192,633),(11025,1109,'1',128,422),(11026,1109,'2',64,211),(11027,1110,'0',86,268),(11028,1110,'1',258,806),(11029,1110,'2',172,536),(11030,1111,'0',146,477),(11031,1111,'1',73,239),(11032,1111,'2',218,714),(11033,1112,'0',164,735),(11034,1112,'1',55,245),(11035,1112,'2',109,490),(11036,1113,'0',216,525),(11037,1113,'1',323,787),(11038,1113,'2',108,262),(11039,1114,'0',280,0),(11040,1114,'1',0,0),(11041,1114,'2',0,0),(11042,1115,'0',148,554),(11043,1115,'1',222,830),(11044,1115,'2',74,277),(11045,1116,'0',195,0),(11046,1116,'1',0,0),(11047,1116,'2',261,0),(11048,1117,'0',105,389),(11049,1117,'1',53,195),(11050,1117,'2',158,584),(11051,1118,'0',126,600),(11052,1118,'1',42,200),(11053,1118,'2',84,400),(11054,1119,'0',206,576),(11055,1119,'1',309,866),(11056,1119,'2',103,288),(11057,1120,'0',228,900),(11058,1120,'1',152,600),(11059,1120,'2',76,300),(11060,1121,'0',94,279),(11061,1121,'1',283,837),(11062,1121,'2',189,559),(12000,1201,'0',0,0),(12001,1201,'1',0,0),(12002,1201,'2',0,0),(12003,1202,'0',60,232),(12004,1202,'1',177,694),(12005,1202,'2',118,462),(12006,1203,'0',78,431),(12007,1203,'1',117,648),(12008,1203,'2',39,216),(12009,1204,'0',175,542),(12010,1204,'1',262,812),(12011,1204,'2',88,270),(12012,1205,'0',179,452),(12013,1205,'1',269,679),(12014,1205,'2',90,227),(12015,1206,'0',75,254),(12016,1206,'1',149,509),(12017,1206,'2',223,762),(12018,1207,'0',172,537),(12019,1207,'1',258,807),(12020,1207,'2',86,269),(12021,1208,'0',62,209),(12022,1208,'1',123,417),(12023,1208,'2',185,625),(21000,2101,'0',0,0),(21001,2101,'1',0,0),(21002,2101,'2',0,0),(21003,2102,'0',109,447),(21004,2102,'1',55,223),(21005,2102,'2',109,670),(21006,2103,'0',124,460),(21007,2103,'1',186,707),(21008,2103,'2',62,235),(21009,2104,'0',62,235),(21010,2104,'1',124,472),(21011,2104,'2',186,707),(21012,2105,'0',158,520),(21013,2105,'1',238,782),(21014,2105,'2',79,260),(21015,2106,'0',140,742),(21016,2106,'1',47,247),(21017,2106,'2',93,495),(21018,2107,'0',182,550),(21019,2107,'1',273,825),(21020,2107,'2',91,274),(21021,2108,'0',49,252),(21022,2108,'1',146,252),(21023,2108,'2',97,504),(21024,2109,'0',363,922),(21025,2109,'1',121,307),(21026,2109,'2',243,615),(22000,2201,'0',62,235),(22001,2201,'1',186,707),(22002,2201,'2',124,472),(22003,2202,'0',133,485),(22004,2202,'1',200,729),(22005,2202,'2',67,244),(22006,2203,'0',257,684),(22007,2203,'1',385,1025),(22008,2203,'2',129,342),(22009,2204,'0',261,632),(22010,2204,'1',131,317),(22011,2204,'2',392,949),(22012,2205,'0',155,517),(22013,2205,'1',233,775),(22014,2205,'2',78,259),(22015,2206,'0',62,235),(22016,2206,'1',124,472),(22017,2206,'2',186,707),(22018,2207,'0',186,495),(22019,2207,'1',93,247),(22020,2207,'2',279,742),(22021,2208,'0',164,309),(22022,2208,'1',492,927),(22023,2208,'2',328,619),(22024,2209,'0',62,235),(22025,2209,'1',186,707),(22026,2209,'2',124,472),(22027,2210,'0',62,235),(22028,2210,'1',124,472),(22029,2210,'2',186,707),(22030,2211,'0',102,256),(22031,2211,'1',304,768),(22032,2211,'2',203,511),(31000,3101,'0',73,275),(31001,3101,'1',218,825),(31002,3101,'2',146,550),(31003,3102,'0',0,0),(31004,3102,'1',0,0),(31005,3102,'2',0,0),(31006,3103,'0',189,559),(31007,3103,'1',94,279),(31008,3103,'2',283,837),(31009,3104,'0',182,599),(31010,3104,'1',91,299),(31011,3104,'2',273,899),(31012,3105,'0',175,542),(31013,3105,'1',88,270),(31014,3105,'2',262,812),(31015,3106,'0',178,545),(31016,3106,'1',90,274),(31017,3106,'2',267,819),(31018,3107,'0',278,829),(31019,3107,'1',185,553),(31020,3107,'2',93,276),(31021,3108,'0',172,537),(31022,3108,'1',86,269),(31023,3108,'2',258,807),(31024,3109,'0',277,904),(31025,3109,'1',185,603),(31026,3109,'2',93,302),(31027,3110,'0',235,607),(31028,3110,'1',118,304),(31029,3110,'2',353,912),(31030,3111,'0',100,285),(31031,3111,'1',299,855),(31032,3111,'2',199,570);
/*!40000 ALTER TABLE `xp` ENABLE KEYS */;
UNLOCK TABLES;
/*!40103 SET TIME_ZONE=@OLD_TIME_ZONE */;

/*!40101 SET SQL_MODE=@OLD_SQL_MODE */;
/*!40014 SET FOREIGN_KEY_CHECKS=@OLD_FOREIGN_KEY_CHECKS */;
/*!40014 SET UNIQUE_CHECKS=@OLD_UNIQUE_CHECKS */;
/*!40101 SET CHARACTER_SET_CLIENT=@OLD_CHARACTER_SET_CLIENT */;
/*!40101 SET CHARACTER_SET_RESULTS=@OLD_CHARACTER_SET_RESULTS */;
/*!40101 SET COLLATION_CONNECTION=@OLD_COLLATION_CONNECTION */;
/*!40111 SET SQL_NOTES=@OLD_SQL_NOTES */;

-- Dump completed on 2026-03-12 20:40:48
